[
    {
        "city": "bj",
        "region": "东城",
        "name": "安定门",
        "url": "https://bj.lianjia.com/zufang/andingmen/",
        "total": 111,
        "pages": 4
    },
    {
        "city": "bj",
        "region": "密云",
        "name": "溪翁庄镇",
        "url": "https://bj.lianjia.com/zufang/xiwengzhuangzhen/",
        "total": 28,
        "pages": 1
    },
    {
        "city": "bj",
        "region": "房山",
        "name": "阎村",
        "url": "https://bj.lianjia.com/zufang/yancun/",
        "total": 36,
        "pages": 2
    },
    {
        "city": "bj",
        "region": "东城",
        "name": "左安门",
        "url": "https://bj.lianjia.com/zufang/zuoanmen1/",
        "total": 67,
        "pages": 3
    },
    {
        "city": "bj",
        "region": "房山",
        "name": "琉璃河",
        "url": "https://bj.lianjia.com/zufang/liulihe/",
        "total": 1,
        "pages": 1
    },
    {
        "city": "bj",
        "region": "房山",
        "name": "燕山",
        "url": "https://bj.lianjia.com/zufang/yanshan/",
        "total": 6,
        "pages": 1
    },
    {
        "city": "bj",
        "region": "房山",
        "name": "良乡",
        "url": "https://bj.lianjia.com/zufang/liangxiang/",
        "total": 185,
        "pages": 7
    },
    {
        "city": "bj",
        "region": "石景山",
        "name": "八角",
        "url": "https://bj.lianjia.com/zufang/bajiao1/",
        "total": 97,
        "pages": 4
    },
    {
        "city": "bj",
        "region": "通州",
        "name": "北关",
        "url": "https://bj.lianjia.com/zufang/beiguan/",
        "total": 168,
        "pages": 6
    },
    {
        "city": "bj",
        "region": "昌平",
        "name": "奥林匹克公园",
        "url": "https://bj.lianjia.com/zufang/aolinpikegongyuan11/",
        "total": 254,
        "pages": 9
    },
    {
        "city": "bj",
        "region": "海淀",
        "name": "中关村",
        "url": "https://bj.lianjia.com/zufang/zhongguancun/",
        "total": 92,
        "pages": 4
    },
    {
        "city": "bj",
        "region": "朝阳",
        "name": "朝阳其它",
        "url": "https://bj.lianjia.com/zufang/zhaoyangqita/",
        "total": 31,
        "pages": 2
    },
    {
        "city": "bj",
        "region": "海淀",
        "name": "皂君庙",
        "url": "https://bj.lianjia.com/zufang/zaojunmiao/",
        "total": 132,
        "pages": 5
    },
    {
        "city": "bj",
        "region": "西城",
        "name": "右安门内",
        "url": "https://bj.lianjia.com/zufang/youanmennei11/",
        "total": 71,
        "pages": 3
    },
    {
        "city": "bj",
        "region": "海淀",
        "name": "知春路",
        "url": "https://bj.lianjia.com/zufang/zhichunlu/",
        "total": 126,
        "pages": 5
    },
    {
        "city": "bj",
        "region": "海淀",
        "name": "紫竹桥",
        "url": "https://bj.lianjia.com/zufang/zizhuqiao/",
        "total": 193,
        "pages": 7
    },
    {
        "city": "bj",
        "region": "西城",
        "name": "月坛",
        "url": "https://bj.lianjia.com/zufang/yuetan/",
        "total": 196,
        "pages": 7
    },
    {
        "city": "bj",
        "region": "西城",
        "name": "宣武门",
        "url": "https://bj.lianjia.com/zufang/xuanwumen12/",
        "total": 36,
        "pages": 2
    },
    {
        "city": "bj",
        "region": "西城",
        "name": "西四",
        "url": "https://bj.lianjia.com/zufang/xisi1/",
        "total": 27,
        "pages": 1
    },
    {
        "city": "bj",
        "region": "西城",
        "name": "官园",
        "url": "https://bj.lianjia.com/zufang/guanyuan/",
        "total": 74,
        "pages": 3
    },
    {
        "city": "bj",
        "region": "西城",
        "name": "天宁寺",
        "url": "https://bj.lianjia.com/zufang/tianningsi1/",
        "total": 49,
        "pages": 2
    },
    {
        "city": "bj",
        "region": "西城",
        "name": "牛街",
        "url": "https://bj.lianjia.com/zufang/niujie/",
        "total": 80,
        "pages": 3
    },
    {
        "city": "bj",
        "region": "西城",
        "name": "木樨地",
        "url": "https://bj.lianjia.com/zufang/muxidi1/",
        "total": 118,
        "pages": 4
    },
    {
        "city": "bj",
        "region": "西城",
        "name": "阜成门",
        "url": "https://bj.lianjia.com/zufang/fuchengmen/",
        "total": 124,
        "pages": 5
    },
    {
        "city": "bj",
        "region": "西城",
        "name": "德胜门",
        "url": "https://bj.lianjia.com/zufang/deshengmen/",
        "total": 44,
        "pages": 2
    },
    {
        "city": "bj",
        "region": "西城",
        "name": "金融街",
        "url": "https://bj.lianjia.com/zufang/jinrongjie/",
        "total": 169,
        "pages": 6
    },
    {
        "city": "bj",
        "region": "西城",
        "name": "车公庄",
        "url": "https://bj.lianjia.com/zufang/chegongzhuang1/",
        "total": 58,
        "pages": 2
    },
    {
        "city": "bj",
        "region": "西城",
        "name": "长椿街",
        "url": "https://bj.lianjia.com/zufang/changchunjie/",
        "total": 57,
        "pages": 2
    },
    {
        "city": "bj",
        "region": "西城",
        "name": "白纸坊",
        "url": "https://bj.lianjia.com/zufang/baizhifang1/",
        "total": 31,
        "pages": 2
    },
    {
        "city": "bj",
        "region": "海淀",
        "name": "颐和园",
        "url": "https://bj.lianjia.com/zufang/yiheyuan/",
        "total": 49,
        "pages": 2
    },
    {
        "city": "bj",
        "region": "海淀",
        "name": "新街口",
        "url": "https://bj.lianjia.com/zufang/xinjiekou2/",
        "total": 25,
        "pages": 1
    },
    {
        "city": "bj",
        "region": "海淀",
        "name": "圆明园",
        "url": "https://bj.lianjia.com/zufang/yuanmingyuan/",
        "total": 37,
        "pages": 2
    },
    {
        "city": "bj",
        "region": "海淀",
        "name": "西二旗",
        "url": "https://bj.lianjia.com/zufang/xierqi1/",
        "total": 67,
        "pages": 3
    },
    {
        "city": "bj",
        "region": "海淀",
        "name": "西直门",
        "url": "https://bj.lianjia.com/zufang/xizhimen1/",
        "total": 113,
        "pages": 4
    },
    {
        "city": "bj",
        "region": "海淀",
        "name": "小西天",
        "url": "https://bj.lianjia.com/zufang/xiaoxitian1/",
        "total": 288,
        "pages": 10
    },
    {
        "city": "bj",
        "region": "海淀",
        "name": "西北旺",
        "url": "https://bj.lianjia.com/zufang/xibeiwang/",
        "total": 158,
        "pages": 6
    },
    {
        "city": "bj",
        "region": "海淀",
        "name": "学院路",
        "url": "https://bj.lianjia.com/zufang/xueyuanlu1/",
        "total": 164,
        "pages": 6
    },
    {
        "city": "bj",
        "region": "海淀",
        "name": "西山",
        "url": "https://bj.lianjia.com/zufang/xishan21/",
        "total": 79,
        "pages": 3
    },
    {
        "city": "bj",
        "region": "海淀",
        "name": "万寿路",
        "url": "https://bj.lianjia.com/zufang/wanshoulu1/",
        "total": 59,
        "pages": 2
    },
    {
        "city": "bj",
        "region": "海淀",
        "name": "魏公村",
        "url": "https://bj.lianjia.com/zufang/weigongcun/",
        "total": 64,
        "pages": 3
    },
    {
        "city": "bj",
        "region": "海淀",
        "name": "万柳",
        "url": "https://bj.lianjia.com/zufang/wanliu/",
        "total": 121,
        "pages": 5
    },
    {
        "city": "bj",
        "region": "海淀",
        "name": "五道口",
        "url": "https://bj.lianjia.com/zufang/wudaokou/",
        "total": 282,
        "pages": 10
    },
    {
        "city": "bj",
        "region": "海淀",
        "name": "双榆树",
        "url": "https://bj.lianjia.com/zufang/shuangyushu/",
        "total": 102,
        "pages": 4
    },
    {
        "city": "bj",
        "region": "海淀",
        "name": "田村",
        "url": "https://bj.lianjia.com/zufang/tiancun1/",
        "total": 124,
        "pages": 5
    },
    {
        "city": "bj",
        "region": "海淀",
        "name": "四季青",
        "url": "https://bj.lianjia.com/zufang/sijiqing/",
        "total": 169,
        "pages": 6
    },
    {
        "city": "bj",
        "region": "海淀",
        "name": "世纪城",
        "url": "https://bj.lianjia.com/zufang/shijicheng/",
        "total": 84,
        "pages": 3
    },
    {
        "city": "bj",
        "region": "海淀",
        "name": "上地",
        "url": "https://bj.lianjia.com/zufang/shangdi1/",
        "total": 137,
        "pages": 5
    },
    {
        "city": "bj",
        "region": "海淀",
        "name": "苏州桥",
        "url": "https://bj.lianjia.com/zufang/suzhouqiao/",
        "total": 279,
        "pages": 10
    },
    {
        "city": "bj",
        "region": "海淀",
        "name": "海淀其它",
        "url": "https://bj.lianjia.com/zufang/haidianqita1/",
        "total": 35,
        "pages": 2
    },
    {
        "city": "bj",
        "region": "海淀",
        "name": "清河",
        "url": "https://bj.lianjia.com/zufang/qinghe11/",
        "total": 394,
        "pages": 14
    },
    {
        "city": "bj",
        "region": "海淀",
        "name": "海淀北部新区",
        "url": "https://bj.lianjia.com/zufang/haidianbeibuxinqu1/",
        "total": 290,
        "pages": 10
    },
    {
        "city": "bj",
        "region": "海淀",
        "name": "马连洼",
        "url": "https://bj.lianjia.com/zufang/malianwa/",
        "total": 162,
        "pages": 6
    },
    {
        "city": "bj",
        "region": "海淀",
        "name": "军博",
        "url": "https://bj.lianjia.com/zufang/junbo1/",
        "total": 134,
        "pages": 5
    },
    {
        "city": "bj",
        "region": "海淀",
        "name": "甘家口",
        "url": "https://bj.lianjia.com/zufang/ganjiakou/",
        "total": 185,
        "pages": 7
    },
    {
        "city": "bj",
        "region": "海淀",
        "name": "公主坟",
        "url": "https://bj.lianjia.com/zufang/gongzhufen/",
        "total": 151,
        "pages": 6
    },
    {
        "city": "bj",
        "region": "海淀",
        "name": "厂洼",
        "url": "https://bj.lianjia.com/zufang/changwa/",
        "total": 27,
        "pages": 1
    },
    {
        "city": "bj",
        "region": "海淀",
        "name": "二里庄",
        "url": "https://bj.lianjia.com/zufang/erlizhuang/",
        "total": 84,
        "pages": 3
    },
    {
        "city": "bj",
        "region": "海淀",
        "name": "定慧寺",
        "url": "https://bj.lianjia.com/zufang/dinghuisi/",
        "total": 233,
        "pages": 8
    },
    {
        "city": "bj",
        "region": "海淀",
        "name": "北太平庄",
        "url": "https://bj.lianjia.com/zufang/beitaipingzhuang/",
        "total": 44,
        "pages": 2
    },
    {
        "city": "bj",
        "region": "丰台",
        "name": "赵公口",
        "url": "https://bj.lianjia.com/zufang/zhaogongkou/",
        "total": 53,
        "pages": 2
    },
    {
        "city": "bj",
        "region": "海淀",
        "name": "白石桥",
        "url": "https://bj.lianjia.com/zufang/baishiqiao1/",
        "total": 68,
        "pages": 3
    },
    {
        "city": "bj",
        "region": "丰台",
        "name": "右安门外",
        "url": "https://bj.lianjia.com/zufang/youanmenwai/",
        "total": 56,
        "pages": 2
    },
    {
        "city": "bj",
        "region": "海淀",
        "name": "安宁庄",
        "url": "https://bj.lianjia.com/zufang/anningzhuang1/",
        "total": 96,
        "pages": 4
    },
    {
        "city": "bj",
        "region": "丰台",
        "name": "五棵松",
        "url": "https://bj.lianjia.com/zufang/wukesong1/",
        "total": 204,
        "pages": 7
    },
    {
        "city": "bj",
        "region": "丰台",
        "name": "岳各庄",
        "url": "https://bj.lianjia.com/zufang/yuegezhuang/",
        "total": 102,
        "pages": 4
    },
    {
        "city": "bj",
        "region": "丰台",
        "name": "玉泉营",
        "url": "https://bj.lianjia.com/zufang/yuquanying/",
        "total": 244,
        "pages": 9
    },
    {
        "city": "bj",
        "region": "丰台",
        "name": "五里店",
        "url": "https://bj.lianjia.com/zufang/wulidian/",
        "total": 38,
        "pages": 2
    },
    {
        "city": "bj",
        "region": "丰台",
        "name": "太平桥",
        "url": "https://bj.lianjia.com/zufang/taipingqiao1/",
        "total": 94,
        "pages": 4
    },
    {
        "city": "bj",
        "region": "丰台",
        "name": "青塔",
        "url": "https://bj.lianjia.com/zufang/qingta1/",
        "total": 259,
        "pages": 9
    },
    {
        "city": "bj",
        "region": "丰台",
        "name": "木樨园",
        "url": "https://bj.lianjia.com/zufang/muxiyuan1/",
        "total": 39,
        "pages": 2
    },
    {
        "city": "bj",
        "region": "丰台",
        "name": "马连道",
        "url": "https://bj.lianjia.com/zufang/maliandao1/",
        "total": 186,
        "pages": 7
    },
    {
        "city": "bj",
        "region": "丰台",
        "name": "七里庄",
        "url": "https://bj.lianjia.com/zufang/qilizhuang/",
        "total": 102,
        "pages": 4
    },
    {
        "city": "bj",
        "region": "丰台",
        "name": "卢沟桥",
        "url": "https://bj.lianjia.com/zufang/lugouqiao1/",
        "total": 94,
        "pages": 4
    },
    {
        "city": "bj",
        "region": "丰台",
        "name": "六里桥",
        "url": "https://bj.lianjia.com/zufang/liuliqiao1/",
        "total": 123,
        "pages": 5
    },
    {
        "city": "bj",
        "region": "丰台",
        "name": "马家堡",
        "url": "https://bj.lianjia.com/zufang/majiabao/",
        "total": 302,
        "pages": 11
    },
    {
        "city": "bj",
        "region": "丰台",
        "name": "丽泽",
        "url": "https://bj.lianjia.com/zufang/lize/",
        "total": 100,
        "pages": 4
    },
    {
        "city": "bj",
        "region": "丰台",
        "name": "花乡",
        "url": "https://bj.lianjia.com/zufang/huaxiang/",
        "total": 32,
        "pages": 2
    },
    {
        "city": "bj",
        "region": "丰台",
        "name": "丰台其它",
        "url": "https://bj.lianjia.com/zufang/fengtaiqita1/",
        "total": 52,
        "pages": 2
    },
    {
        "city": "bj",
        "region": "丰台",
        "name": "大红门",
        "url": "https://bj.lianjia.com/zufang/dahongmen/",
        "total": 74,
        "pages": 3
    },
    {
        "city": "bj",
        "region": "丰台",
        "name": "刘家窑",
        "url": "https://bj.lianjia.com/zufang/liujiayao/",
        "total": 138,
        "pages": 5
    },
    {
        "city": "bj",
        "region": "丰台",
        "name": "角门",
        "url": "https://bj.lianjia.com/zufang/jiaomen/",
        "total": 51,
        "pages": 2
    },
    {
        "city": "bj",
        "region": "丰台",
        "name": "看丹桥",
        "url": "https://bj.lianjia.com/zufang/kandanqiao/",
        "total": 55,
        "pages": 2
    },
    {
        "city": "bj",
        "region": "丰台",
        "name": "广安门",
        "url": "https://bj.lianjia.com/zufang/guanganmen/",
        "total": 241,
        "pages": 9
    },
    {
        "city": "bj",
        "region": "丰台",
        "name": "草桥",
        "url": "https://bj.lianjia.com/zufang/caoqiao/",
        "total": 67,
        "pages": 3
    },
    {
        "city": "bj",
        "region": "丰台",
        "name": "菜户营",
        "url": "https://bj.lianjia.com/zufang/caihuying/",
        "total": 145,
        "pages": 5
    },
    {
        "city": "bj",
        "region": "朝阳",
        "name": "燕莎",
        "url": "https://bj.lianjia.com/zufang/yansha1/",
        "total": 96,
        "pages": 4
    },
    {
        "city": "bj",
        "region": "丰台",
        "name": "北京南站",
        "url": "https://bj.lianjia.com/zufang/beijingnanzhan1/",
        "total": 53,
        "pages": 2
    },
    {
        "city": "bj",
        "region": "朝阳",
        "name": "西坝河",
        "url": "https://bj.lianjia.com/zufang/xibahe/",
        "total": 101,
        "pages": 4
    },
    {
        "city": "bj",
        "region": "朝阳",
        "name": "亚运村小营",
        "url": "https://bj.lianjia.com/zufang/yayuncunxiaoying/",
        "total": 248,
        "pages": 9
    },
    {
        "city": "bj",
        "region": "朝阳",
        "name": "亚运村",
        "url": "https://bj.lianjia.com/zufang/yayuncun/",
        "total": 307,
        "pages": 11
    },
    {
        "city": "bj",
        "region": "朝阳",
        "name": "小红门",
        "url": "https://bj.lianjia.com/zufang/xiaohongmen/",
        "total": 34,
        "pages": 2
    },
    {
        "city": "bj",
        "region": "朝阳",
        "name": "太阳宫",
        "url": "https://bj.lianjia.com/zufang/taiyanggong/",
        "total": 100,
        "pages": 4
    },
    {
        "city": "bj",
        "region": "朝阳",
        "name": "望京",
        "url": "https://bj.lianjia.com/zufang/wangjing/",
        "total": 1160,
        "pages": 39
    },
    {
        "city": "bj",
        "region": "朝阳",
        "name": "甜水园",
        "url": "https://bj.lianjia.com/zufang/tianshuiyuan/",
        "total": 118,
        "pages": 4
    },
    {
        "city": "bj",
        "region": "朝阳",
        "name": "四惠",
        "url": "https://bj.lianjia.com/zufang/sihui/",
        "total": 211,
        "pages": 8
    },
    {
        "city": "bj",
        "region": "朝阳",
        "name": "团结湖",
        "url": "https://bj.lianjia.com/zufang/tuanjiehu/",
        "total": 103,
        "pages": 4
    },
    {
        "city": "bj",
        "region": "朝阳",
        "name": "三里屯",
        "url": "https://bj.lianjia.com/zufang/sanlitun/",
        "total": 85,
        "pages": 3
    },
    {
        "city": "bj",
        "region": "朝阳",
        "name": "双桥",
        "url": "https://bj.lianjia.com/zufang/shuangqiao/",
        "total": 202,
        "pages": 7
    },
    {
        "city": "bj",
        "region": "朝阳",
        "name": "十八里店",
        "url": "https://bj.lianjia.com/zufang/shibalidian1/",
        "total": 2,
        "pages": 1
    },
    {
        "city": "bj",
        "region": "朝阳",
        "name": "十里河",
        "url": "https://bj.lianjia.com/zufang/shilihe/",
        "total": 74,
        "pages": 3
    },
    {
        "city": "bj",
        "region": "朝阳",
        "name": "十里堡",
        "url": "https://bj.lianjia.com/zufang/shilibao/",
        "total": 66,
        "pages": 3
    },
    {
        "city": "bj",
        "region": "朝阳",
        "name": "双井",
        "url": "https://bj.lianjia.com/zufang/shuangjing/",
        "total": 492,
        "pages": 17
    },
    {
        "city": "bj",
        "region": "朝阳",
        "name": "石佛营",
        "url": "https://bj.lianjia.com/zufang/shifoying/",
        "total": 296,
        "pages": 10
    },
    {
        "city": "bj",
        "region": "朝阳",
        "name": "芍药居",
        "url": "https://bj.lianjia.com/zufang/shaoyaoju/",
        "total": 150,
        "pages": 5
    },
    {
        "city": "bj",
        "region": "朝阳",
        "name": "宋家庄",
        "url": "https://bj.lianjia.com/zufang/songjiazhuang/",
        "total": 109,
        "pages": 4
    },
    {
        "city": "bj",
        "region": "朝阳",
        "name": "三元桥",
        "url": "https://bj.lianjia.com/zufang/sanyuanqiao/",
        "total": 158,
        "pages": 6
    },
    {
        "city": "bj",
        "region": "朝阳",
        "name": "潘家园",
        "url": "https://bj.lianjia.com/zufang/panjiayuan1/",
        "total": 251,
        "pages": 9
    },
    {
        "city": "bj",
        "region": "朝阳",
        "name": "南沙滩",
        "url": "https://bj.lianjia.com/zufang/nanshatan1/",
        "total": 114,
        "pages": 4
    },
    {
        "city": "bj",
        "region": "朝阳",
        "name": "亮马桥",
        "url": "https://bj.lianjia.com/zufang/liangmaqiao/",
        "total": 72,
        "pages": 3
    },
    {
        "city": "bj",
        "region": "朝阳",
        "name": "牡丹园",
        "url": "https://bj.lianjia.com/zufang/mudanyuan/",
        "total": 109,
        "pages": 4
    },
    {
        "city": "bj",
        "region": "朝阳",
        "name": "农展馆",
        "url": "https://bj.lianjia.com/zufang/nongzhanguan/",
        "total": 93,
        "pages": 4
    },
    {
        "city": "bj",
        "region": "朝阳",
        "name": "马甸",
        "url": "https://bj.lianjia.com/zufang/madian1/",
        "total": 305,
        "pages": 11
    },
    {
        "city": "bj",
        "region": "朝阳",
        "name": "健翔桥",
        "url": "https://bj.lianjia.com/zufang/jianxiangqiao1/",
        "total": 102,
        "pages": 4
    },
    {
        "city": "bj",
        "region": "朝阳",
        "name": "劲松",
        "url": "https://bj.lianjia.com/zufang/jinsong/",
        "total": 250,
        "pages": 9
    },
    {
        "city": "bj",
        "region": "朝阳",
        "name": "华威桥",
        "url": "https://bj.lianjia.com/zufang/huaweiqiao/",
        "total": 116,
        "pages": 4
    },
    {
        "city": "bj",
        "region": "朝阳",
        "name": "酒仙桥",
        "url": "https://bj.lianjia.com/zufang/jiuxianqiao/",
        "total": 374,
        "pages": 13
    },
    {
        "city": "bj",
        "region": "朝阳",
        "name": "欢乐谷",
        "url": "https://bj.lianjia.com/zufang/huanlegu/",
        "total": 80,
        "pages": 3
    },
    {
        "city": "bj",
        "region": "朝阳",
        "name": "国展",
        "url": "https://bj.lianjia.com/zufang/guozhan1/",
        "total": 93,
        "pages": 4
    },
    {
        "city": "bj",
        "region": "朝阳",
        "name": "惠新西街",
        "url": "https://bj.lianjia.com/zufang/huixinxijie/",
        "total": 183,
        "pages": 7
    },
    {
        "city": "bj",
        "region": "朝阳",
        "name": "红庙",
        "url": "https://bj.lianjia.com/zufang/hongmiao/",
        "total": 142,
        "pages": 5
    },
    {
        "city": "bj",
        "region": "朝阳",
        "name": "甘露园",
        "url": "https://bj.lianjia.com/zufang/ganluyuan/",
        "total": 97,
        "pages": 4
    },
    {
        "city": "bj",
        "region": "朝阳",
        "name": "高碑店",
        "url": "https://bj.lianjia.com/zufang/gaobeidian/",
        "total": 114,
        "pages": 4
    },
    {
        "city": "bj",
        "region": "朝阳",
        "name": "管庄",
        "url": "https://bj.lianjia.com/zufang/guanzhuang/",
        "total": 83,
        "pages": 3
    },
    {
        "city": "bj",
        "region": "朝阳",
        "name": "垡头",
        "url": "https://bj.lianjia.com/zufang/fatou/",
        "total": 113,
        "pages": 4
    },
    {
        "city": "bj",
        "region": "朝阳",
        "name": "方庄",
        "url": "https://bj.lianjia.com/zufang/fangzhuang1/",
        "total": 263,
        "pages": 9
    },
    {
        "city": "bj",
        "region": "朝阳",
        "name": "定福庄",
        "url": "https://bj.lianjia.com/zufang/dingfuzhuang/",
        "total": 176,
        "pages": 6
    },
    {
        "city": "bj",
        "region": "朝阳",
        "name": "大山子",
        "url": "https://bj.lianjia.com/zufang/dashanzi/",
        "total": 23,
        "pages": 1
    },
    {
        "city": "bj",
        "region": "朝阳",
        "name": "豆各庄",
        "url": "https://bj.lianjia.com/zufang/dougezhuang/",
        "total": 108,
        "pages": 4
    },
    {
        "city": "bj",
        "region": "朝阳",
        "name": "东大桥",
        "url": "https://bj.lianjia.com/zufang/dongdaqiao/",
        "total": 212,
        "pages": 8
    },
    {
        "city": "bj",
        "region": "朝阳",
        "name": "东坝",
        "url": "https://bj.lianjia.com/zufang/dongba/",
        "total": 237,
        "pages": 8
    },
    {
        "city": "bj",
        "region": "朝阳",
        "name": "朝阳公园",
        "url": "https://bj.lianjia.com/zufang/chaoyanggongyuan/",
        "total": 214,
        "pages": 8
    },
    {
        "city": "bj",
        "region": "朝阳",
        "name": "大望路",
        "url": "https://bj.lianjia.com/zufang/dawanglu/",
        "total": 336,
        "pages": 12
    },
    {
        "city": "bj",
        "region": "朝阳",
        "name": "CBD",
        "url": "https://bj.lianjia.com/zufang/cbd/",
        "total": 203,
        "pages": 7
    },
    {
        "city": "bj",
        "region": "朝阳",
        "name": "朝青",
        "url": "https://bj.lianjia.com/zufang/chaoqing/",
        "total": 319,
        "pages": 11
    },
    {
        "city": "bj",
        "region": "朝阳",
        "name": "常营",
        "url": "https://bj.lianjia.com/zufang/changying/",
        "total": 345,
        "pages": 12
    },
    {
        "city": "bj",
        "region": "朝阳",
        "name": "成寿寺",
        "url": "https://bj.lianjia.com/zufang/chengshousi1/",
        "total": 164,
        "pages": 6
    },
    {
        "city": "bj",
        "region": "朝阳",
        "name": "百子湾",
        "url": "https://bj.lianjia.com/zufang/baiziwan/",
        "total": 199,
        "pages": 7
    },
    {
        "city": "bj",
        "region": "朝阳",
        "name": "北工大",
        "url": "https://bj.lianjia.com/zufang/beigongda/",
        "total": 56,
        "pages": 2
    },
    {
        "city": "bj",
        "region": "石景山",
        "name": "石景山其它",
        "url": "https://bj.lianjia.com/zufang/shijingshanqita1/",
        "total": 63,
        "pages": 3
    },
    {
        "city": "bj",
        "region": "丰台",
        "name": "北大地",
        "url": "https://bj.lianjia.com/zufang/beidadi/",
        "total": 75,
        "pages": 3
    },
    {
        "city": "bj",
        "region": "石景山",
        "name": "苹果园",
        "url": "https://bj.lianjia.com/zufang/pingguoyuan1/",
        "total": 299,
        "pages": 10
    },
    {
        "city": "bj",
        "region": "朝阳",
        "name": "北苑",
        "url": "https://bj.lianjia.com/zufang/beiyuan2/",
        "total": 430,
        "pages": 15
    },
    {
        "city": "bj",
        "region": "石景山",
        "name": "杨庄",
        "url": "https://bj.lianjia.com/zufang/yangzhuang1/",
        "total": 84,
        "pages": 3
    },
    {
        "city": "bj",
        "region": "石景山",
        "name": "玉泉路",
        "url": "https://bj.lianjia.com/zufang/yuquanlu11/",
        "total": 110,
        "pages": 4
    },
    {
        "city": "bj",
        "region": "石景山",
        "name": "鲁谷",
        "url": "https://bj.lianjia.com/zufang/lugu1/",
        "total": 287,
        "pages": 10
    },
    {
        "city": "bj",
        "region": "石景山",
        "name": "老山",
        "url": "https://bj.lianjia.com/zufang/laoshan1/",
        "total": 28,
        "pages": 1
    },
    {
        "city": "bj",
        "region": "石景山",
        "name": "古城",
        "url": "https://bj.lianjia.com/zufang/gucheng/",
        "total": 120,
        "pages": 4
    },
    {
        "city": "bj",
        "region": "通州",
        "name": "玉桥",
        "url": "https://bj.lianjia.com/zufang/yuqiao/",
        "total": 52,
        "pages": 2
    },
    {
        "city": "bj",
        "region": "通州",
        "name": "武夷花园",
        "url": "https://bj.lianjia.com/zufang/wuyihuayuan/",
        "total": 237,
        "pages": 8
    },
    {
        "city": "bj",
        "region": "通州",
        "name": "乔庄",
        "url": "https://bj.lianjia.com/zufang/qiaozhuang/",
        "total": 51,
        "pages": 2
    },
    {
        "city": "bj",
        "region": "通州",
        "name": "万达",
        "url": "https://bj.lianjia.com/zufang/wanda14/",
        "total": 194,
        "pages": 7
    },
    {
        "city": "bj",
        "region": "通州",
        "name": "临河里",
        "url": "https://bj.lianjia.com/zufang/linheli/",
        "total": 209,
        "pages": 7
    },
    {
        "city": "bj",
        "region": "通州",
        "name": "通州北苑",
        "url": "https://bj.lianjia.com/zufang/tongzhoubeiyuan/",
        "total": 110,
        "pages": 4
    },
    {
        "city": "bj",
        "region": "通州",
        "name": "梨园",
        "url": "https://bj.lianjia.com/zufang/liyuan/",
        "total": 97,
        "pages": 4
    },
    {
        "city": "bj",
        "region": "通州",
        "name": "潞苑",
        "url": "https://bj.lianjia.com/zufang/luyuan/",
        "total": 122,
        "pages": 5
    },
    {
        "city": "bj",
        "region": "昌平",
        "name": "小汤山",
        "url": "https://bj.lianjia.com/zufang/xiaotangshan1/",
        "total": 19,
        "pages": 1
    },
    {
        "city": "bj",
        "region": "通州",
        "name": "果园",
        "url": "https://bj.lianjia.com/zufang/guoyuan1/",
        "total": 93,
        "pages": 4
    },
    {
        "city": "bj",
        "region": "昌平",
        "name": "西关环岛",
        "url": "https://bj.lianjia.com/zufang/xiguanhuandao/",
        "total": 46,
        "pages": 2
    },
    {
        "city": "bj",
        "region": "昌平",
        "name": "沙河",
        "url": "https://bj.lianjia.com/zufang/shahe2/",
        "total": 91,
        "pages": 4
    },
    {
        "city": "bj",
        "region": "通州",
        "name": "九棵树(家乐福)",
        "url": "https://bj.lianjia.com/zufang/jiukeshu12/",
        "total": 173,
        "pages": 6
    },
    {
        "city": "bj",
        "region": "昌平",
        "name": "南口",
        "url": "https://bj.lianjia.com/zufang/nankou/",
        "total": 11,
        "pages": 1
    },
    {
        "city": "bj",
        "region": "昌平",
        "name": "天通苑",
        "url": "https://bj.lianjia.com/zufang/tiantongyuan1/",
        "total": 229,
        "pages": 8
    },
    {
        "city": "bj",
        "region": "昌平",
        "name": "西三旗",
        "url": "https://bj.lianjia.com/zufang/xisanqi1/",
        "total": 281,
        "pages": 10
    },
    {
        "city": "bj",
        "region": "昌平",
        "name": "南邵",
        "url": "https://bj.lianjia.com/zufang/nanshao/",
        "total": 86,
        "pages": 3
    },
    {
        "city": "bj",
        "region": "昌平",
        "name": "霍营",
        "url": "https://bj.lianjia.com/zufang/huoying/",
        "total": 77,
        "pages": 3
    },
    {
        "city": "bj",
        "region": "昌平",
        "name": "立水桥",
        "url": "https://bj.lianjia.com/zufang/lishuiqiao1/",
        "total": 172,
        "pages": 6
    },
    {
        "city": "bj",
        "region": "昌平",
        "name": "昌平其它",
        "url": "https://bj.lianjia.com/zufang/changpingqita1/",
        "total": 36,
        "pages": 2
    },
    {
        "city": "bj",
        "region": "昌平",
        "name": "鼓楼大街",
        "url": "https://bj.lianjia.com/zufang/guloudajie/",
        "total": 73,
        "pages": 3
    },
    {
        "city": "bj",
        "region": "昌平",
        "name": "东关",
        "url": "https://bj.lianjia.com/zufang/dongguan/",
        "total": 91,
        "pages": 4
    },
    {
        "city": "bj",
        "region": "昌平",
        "name": "回龙观",
        "url": "https://bj.lianjia.com/zufang/huilongguan2/",
        "total": 751,
        "pages": 26
    },
    {
        "city": "bj",
        "region": "昌平",
        "name": "北七家",
        "url": "https://bj.lianjia.com/zufang/beiqijia/",
        "total": 231,
        "pages": 8
    },
    {
        "city": "bj",
        "region": "大兴",
        "name": "亦庄开发区其它",
        "url": "https://bj.lianjia.com/zufang/yizhuangkaifaquqita1/",
        "total": 255,
        "pages": 9
    },
    {
        "city": "bj",
        "region": "大兴",
        "name": "枣园",
        "url": "https://bj.lianjia.com/zufang/zaoyuan/",
        "total": 256,
        "pages": 9
    },
    {
        "city": "bj",
        "region": "大兴",
        "name": "义和庄",
        "url": "https://bj.lianjia.com/zufang/yihezhuang/",
        "total": 23,
        "pages": 1
    },
    {
        "city": "bj",
        "region": "大兴",
        "name": "瀛海",
        "url": "https://bj.lianjia.com/zufang/yinghai/",
        "total": 100,
        "pages": 4
    },
    {
        "city": "bj",
        "region": "大兴",
        "name": "亦庄",
        "url": "https://bj.lianjia.com/zufang/yizhuang1/",
        "total": 317,
        "pages": 11
    },
    {
        "city": "bj",
        "region": "大兴",
        "name": "西红门",
        "url": "https://bj.lianjia.com/zufang/xihongmen/",
        "total": 157,
        "pages": 6
    },
    {
        "city": "bj",
        "region": "大兴",
        "name": "新宫",
        "url": "https://bj.lianjia.com/zufang/xingong/",
        "total": 51,
        "pages": 2
    },
    {
        "city": "bj",
        "region": "大兴",
        "name": "万源",
        "url": "https://bj.lianjia.com/zufang/wanyuan1/",
        "total": 36,
        "pages": 2
    },
    {
        "city": "bj",
        "region": "大兴",
        "name": "南中轴机场商务区",
        "url": "https://bj.lianjia.com/zufang/nanzhongzhoujichangshangwuqu/",
        "total": 36,
        "pages": 2
    },
    {
        "city": "bj",
        "region": "大兴",
        "name": "天宫院",
        "url": "https://bj.lianjia.com/zufang/tiangongyuan/",
        "total": 75,
        "pages": 3
    },
    {
        "city": "bj",
        "region": "大兴",
        "name": "通州其它",
        "url": "https://bj.lianjia.com/zufang/tongzhouqita11/",
        "total": 242,
        "pages": 9
    },
    {
        "city": "bj",
        "region": "大兴",
        "name": "马驹桥",
        "url": "https://bj.lianjia.com/zufang/majuqiao1/",
        "total": 123,
        "pages": 5
    },
    {
        "city": "bj",
        "region": "大兴",
        "name": "科技园区",
        "url": "https://bj.lianjia.com/zufang/kejiyuanqu/",
        "total": 447,
        "pages": 15
    },
    {
        "city": "bj",
        "region": "大兴",
        "name": "旧宫",
        "url": "https://bj.lianjia.com/zufang/jiugong1/",
        "total": 243,
        "pages": 9
    },
    {
        "city": "bj",
        "region": "大兴",
        "name": "和义",
        "url": "https://bj.lianjia.com/zufang/heyi/",
        "total": 40,
        "pages": 2
    },
    {
        "city": "bj",
        "region": "大兴",
        "name": "黄村火车站",
        "url": "https://bj.lianjia.com/zufang/huangcunhuochezhan/",
        "total": 54,
        "pages": 2
    },
    {
        "city": "bj",
        "region": "大兴",
        "name": "黄村中",
        "url": "https://bj.lianjia.com/zufang/huangcunzhong/",
        "total": 116,
        "pages": 4
    },
    {
        "city": "bj",
        "region": "大兴",
        "name": "高米店",
        "url": "https://bj.lianjia.com/zufang/gaomidian/",
        "total": 181,
        "pages": 7
    },
    {
        "city": "bj",
        "region": "大兴",
        "name": "大兴机场空港",
        "url": "https://bj.lianjia.com/zufang/daxingjichangkonggang/",
        "total": 71,
        "pages": 3
    },
    {
        "city": "bj",
        "region": "大兴",
        "name": "大兴新机场洋房别墅区",
        "url": "https://bj.lianjia.com/zufang/daxingxinjichangyangfangbieshuqu/",
        "total": 28,
        "pages": 1
    },
    {
        "city": "bj",
        "region": "大兴",
        "name": "观音寺",
        "url": "https://bj.lianjia.com/zufang/guanyinsi/",
        "total": 42,
        "pages": 2
    },
    {
        "city": "bj",
        "region": "大兴",
        "name": "大兴新机场",
        "url": "https://bj.lianjia.com/zufang/daxingxinjichang/",
        "total": 80,
        "pages": 3
    },
    {
        "city": "bj",
        "region": "房山",
        "name": "房山其它",
        "url": "https://bj.lianjia.com/zufang/fangshanqita/",
        "total": 2,
        "pages": 1
    },
    {
        "city": "bj",
        "region": "房山",
        "name": "大兴其它",
        "url": "https://bj.lianjia.com/zufang/daxingqita11/",
        "total": 51,
        "pages": 2
    },
    {
        "city": "bj",
        "region": "房山",
        "name": "窦店",
        "url": "https://bj.lianjia.com/zufang/doudian/",
        "total": 30,
        "pages": 1
    },
    {
        "city": "bj",
        "region": "房山",
        "name": "城关",
        "url": "https://bj.lianjia.com/zufang/chengguan/",
        "total": 13,
        "pages": 1
    },
    {
        "city": "bj",
        "region": "怀柔",
        "name": "怀柔",
        "url": "https://bj.lianjia.com/zufang/huairouchengqu1/",
        "total": 90,
        "pages": 3
    },
    {
        "city": "bj",
        "region": "怀柔",
        "name": "怀柔其它",
        "url": "https://bj.lianjia.com/zufang/huairouqita1/",
        "total": 3,
        "pages": 1
    },
    {
        "city": "bj",
        "region": "房山",
        "name": "长阳",
        "url": "https://bj.lianjia.com/zufang/changyang1/",
        "total": 391,
        "pages": 14
    },
    {
        "city": "bj",
        "region": "门头沟",
        "name": "石门营",
        "url": "https://bj.lianjia.com/zufang/shimenying/",
        "total": 66,
        "pages": 3
    },
    {
        "city": "bj",
        "region": "门头沟",
        "name": "上岸地铁",
        "url": "https://bj.lianjia.com/zufang/shanganditie/",
        "total": 83,
        "pages": 3
    },
    {
        "city": "bj",
        "region": "门头沟",
        "name": "门头沟其它",
        "url": "https://bj.lianjia.com/zufang/mentougouqita1/",
        "total": 26,
        "pages": 1
    },
    {
        "city": "bj",
        "region": "门头沟",
        "name": "冯村",
        "url": "https://bj.lianjia.com/zufang/fengcun/",
        "total": 28,
        "pages": 1
    },
    {
        "city": "bj",
        "region": "顺义",
        "name": "天竺",
        "url": "https://bj.lianjia.com/zufang/tianzhu1/",
        "total": 27,
        "pages": 1
    },
    {
        "city": "bj",
        "region": "门头沟",
        "name": "大峪",
        "url": "https://bj.lianjia.com/zufang/dayu/",
        "total": 100,
        "pages": 4
    },
    {
        "city": "bj",
        "region": "门头沟",
        "name": "城子",
        "url": "https://bj.lianjia.com/zufang/chengzi/",
        "total": 52,
        "pages": 2
    },
    {
        "city": "bj",
        "region": "顺义",
        "name": "首都机场",
        "url": "https://bj.lianjia.com/zufang/shoudoujichang1/",
        "total": 76,
        "pages": 3
    },
    {
        "city": "bj",
        "region": "顺义",
        "name": "中央别墅区",
        "url": "https://bj.lianjia.com/zufang/zhongyangbieshuqu1/",
        "total": 333,
        "pages": 12
    },
    {
        "city": "bj",
        "region": "顺义",
        "name": "顺义其它",
        "url": "https://bj.lianjia.com/zufang/shunyiqita1/",
        "total": 189,
        "pages": 7
    },
    {
        "city": "bj",
        "region": "顺义",
        "name": "顺义城",
        "url": "https://bj.lianjia.com/zufang/shunyicheng/",
        "total": 500,
        "pages": 17
    },
    {
        "city": "bj",
        "region": "顺义",
        "name": "李桥",
        "url": "https://bj.lianjia.com/zufang/liqiao1/",
        "total": 27,
        "pages": 1
    },
    {
        "city": "bj",
        "region": "顺义",
        "name": "马坡",
        "url": "https://bj.lianjia.com/zufang/mapo/",
        "total": 125,
        "pages": 5
    },
    {
        "city": "bj",
        "region": "门头沟",
        "name": "滨河西区",
        "url": "https://bj.lianjia.com/zufang/binhexiqu1/",
        "total": 95,
        "pages": 4
    },
    {
        "city": "bj",
        "region": "东城",
        "name": "洋桥",
        "url": "https://bj.lianjia.com/zufang/yangqiao1/",
        "total": 58,
        "pages": 2
    },
    {
        "city": "bj",
        "region": "顺义",
        "name": "后沙峪",
        "url": "https://bj.lianjia.com/zufang/houshayu1/",
        "total": 517,
        "pages": 18
    },
    {
        "city": "bj",
        "region": "东城",
        "name": "西罗园",
        "url": "https://bj.lianjia.com/zufang/xiluoyuan/",
        "total": 46,
        "pages": 2
    },
    {
        "city": "bj",
        "region": "东城",
        "name": "西单",
        "url": "https://bj.lianjia.com/zufang/xidan/",
        "total": 67,
        "pages": 3
    },
    {
        "city": "bj",
        "region": "东城",
        "name": "永定门",
        "url": "https://bj.lianjia.com/zufang/yongdingmen/",
        "total": 103,
        "pages": 4
    },
    {
        "city": "bj",
        "region": "东城",
        "name": "天坛",
        "url": "https://bj.lianjia.com/zufang/tiantan/",
        "total": 63,
        "pages": 3
    },
    {
        "city": "bj",
        "region": "东城",
        "name": "陶然亭",
        "url": "https://bj.lianjia.com/zufang/taoranting1/",
        "total": 155,
        "pages": 6
    },
    {
        "city": "bj",
        "region": "东城",
        "name": "前门",
        "url": "https://bj.lianjia.com/zufang/qianmen/",
        "total": 23,
        "pages": 1
    },
    {
        "city": "bj",
        "region": "东城",
        "name": "六铺炕",
        "url": "https://bj.lianjia.com/zufang/liupukang/",
        "total": 123,
        "pages": 5
    },
    {
        "city": "bj",
        "region": "东城",
        "name": "蒲黄榆",
        "url": "https://bj.lianjia.com/zufang/puhuangyu/",
        "total": 49,
        "pages": 2
    },
    {
        "city": "bj",
        "region": "东城",
        "name": "交道口",
        "url": "https://bj.lianjia.com/zufang/jiaodaokou/",
        "total": 22,
        "pages": 1
    },
    {
        "city": "bj",
        "region": "东城",
        "name": "建国门内",
        "url": "https://bj.lianjia.com/zufang/jianguomennei/",
        "total": 58,
        "pages": 2
    },
    {
        "city": "bj",
        "region": "东城",
        "name": "金宝街",
        "url": "https://bj.lianjia.com/zufang/jinbaojie/",
        "total": 26,
        "pages": 1
    },
    {
        "city": "bj",
        "region": "东城",
        "name": "建国门外",
        "url": "https://bj.lianjia.com/zufang/jianguomenwai/",
        "total": 88,
        "pages": 3
    },
    {
        "city": "bj",
        "region": "东城",
        "name": "和平里",
        "url": "https://bj.lianjia.com/zufang/hepingli/",
        "total": 210,
        "pages": 7
    },
    {
        "city": "bj",
        "region": "东城",
        "name": "灯市口",
        "url": "https://bj.lianjia.com/zufang/dengshikou/",
        "total": 27,
        "pages": 1
    },
    {
        "city": "bj",
        "region": "东城",
        "name": "工体",
        "url": "https://bj.lianjia.com/zufang/gongti/",
        "total": 139,
        "pages": 5
    },
    {
        "city": "bj",
        "region": "东城",
        "name": "广渠门",
        "url": "https://bj.lianjia.com/zufang/guangqumen/",
        "total": 196,
        "pages": 7
    },
    {
        "city": "bj",
        "region": "东城",
        "name": "地安门",
        "url": "https://bj.lianjia.com/zufang/dianmen/",
        "total": 28,
        "pages": 1
    },
    {
        "city": "bj",
        "region": "东城",
        "name": "东花市",
        "url": "https://bj.lianjia.com/zufang/donghuashi/",
        "total": 85,
        "pages": 3
    },
    {
        "city": "bj",
        "region": "东城",
        "name": "东四",
        "url": "https://bj.lianjia.com/zufang/dongsi1/",
        "total": 53,
        "pages": 2
    },
    {
        "city": "bj",
        "region": "东城",
        "name": "东单",
        "url": "https://bj.lianjia.com/zufang/dongdan/",
        "total": 11,
        "pages": 1
    },
    {
        "city": "bj",
        "region": "东城",
        "name": "东直门",
        "url": "https://bj.lianjia.com/zufang/dongzhimen/",
        "total": 204,
        "pages": 7
    },
    {
        "city": "bj",
        "region": "东城",
        "name": "崇文门",
        "url": "https://bj.lianjia.com/zufang/chongwenmen/",
        "total": 220,
        "pages": 8
    },
    {
        "city": "bj",
        "region": "东城",
        "name": "朝阳门内",
        "url": "https://bj.lianjia.com/zufang/chaoyangmennei1/",
        "total": 92,
        "pages": 4
    },
    {
        "city": "bj",
        "region": "密云",
        "name": "密云其它",
        "url": "https://bj.lianjia.com/zufang/miyunqita11/",
        "total": 2,
        "pages": 1
    },
    {
        "city": "bj",
        "region": "东城",
        "name": "朝阳门外",
        "url": "https://bj.lianjia.com/zufang/chaoyangmenwai1/",
        "total": 125,
        "pages": 5
    },
    {
        "city": "bj",
        "region": "东城",
        "name": "安贞",
        "url": "https://bj.lianjia.com/zufang/anzhen1/",
        "total": 213,
        "pages": 8
    },
    {
        "city": "bj",
        "region": "密云",
        "name": "密云镇",
        "url": "https://bj.lianjia.com/zufang/miyunzhen/",
        "total": 26,
        "pages": 1
    },
    {
        "city": "bj",
        "region": "密云",
        "name": "果园街道",
        "url": "https://bj.lianjia.com/zufang/guoyuanjiedao/",
        "total": 36,
        "pages": 2
    },
    {
        "city": "bj",
        "region": "密云",
        "name": "鼓楼街道",
        "url": "https://bj.lianjia.com/zufang/guloujiedao/",
        "total": 70,
        "pages": 3
    },
    {
        "city": "bj",
        "region": "密云",
        "name": "古北口镇",
        "url": "https://bj.lianjia.com/zufang/gubeikouzhen/",
        "total": 7,
        "pages": 1
    }
]