[
    {
        "city": "bj",
        "region": "东城",
        "name": "安定门",
        "x": 116.4048,
        "y": 39.944157
    },
    {
        "city": "bj",
        "region": "密云",
        "name": "溪翁庄镇",
        "x": 116.854744,
        "y": 40.47406
    },
    {
        "city": "bj",
        "region": "房山",
        "name": "阎村",
        "x": 116.090607,
        "y": 39.71344
    },
    {
        "city": "bj",
        "region": "东城",
        "name": "左安门",
        "x": 116.41637,
        "y": 39.92855
    },
    {
        "city": "bj",
        "region": "房山",
        "name": "琉璃河",
        "x": 116.024315,
        "y": 39.598671
    },
    {
        "city": "bj",
        "region": "房山",
        "name": "燕山",
        "x": 115.961327,
        "y": 39.73251
    },
    {
        "city": "bj",
        "region": "房山",
        "name": "良乡",
        "x": 116.057823,
        "y": 39.731979
    },
    {
        "city": "bj",
        "region": "石景山",
        "name": "八角",
        "x": 116.222984,
        "y": 39.906612
    },
    {
        "city": "bj",
        "region": "通州",
        "name": "北关",
        "x": 116.65714,
        "y": 39.90998
    },
    {
        "city": "bj",
        "region": "昌平",
        "name": "奥林匹克公园",
        "x": 116.391708,
        "y": 40.022102
    },
    {
        "city": "bj",
        "region": "海淀",
        "name": "中关村",
        "x": 116.316116,
        "y": 39.985077
    },
    {
        "city": "bj",
        "region": "朝阳",
        "name": "朝阳其它",
        "x": 116.533463,
        "y": 39.868874
    },
    {
        "city": "bj",
        "region": "海淀",
        "name": "皂君庙",
        "x": 116.34259,
        "y": 39.959469
    },
    {
        "city": "bj",
        "region": "西城",
        "name": "右安门内",
        "x": 116.364502,
        "y": 39.871761
    },
    {
        "city": "bj",
        "region": "海淀",
        "name": "知春路",
        "x": 116.334641,
        "y": 39.976452
    },
    {
        "city": "bj",
        "region": "海淀",
        "name": "紫竹桥",
        "x": 116.29845,
        "y": 39.95933
    },
    {
        "city": "bj",
        "region": "西城",
        "name": "月坛",
        "x": 116.36611,
        "y": 39.91231
    },
    {
        "city": "bj",
        "region": "西城",
        "name": "宣武门",
        "x": 116.36611,
        "y": 39.91231
    },
    {
        "city": "bj",
        "region": "西城",
        "name": "西四",
        "x": 116.36611,
        "y": 39.91231
    },
    {
        "city": "bj",
        "region": "西城",
        "name": "官园",
        "x": 116.36611,
        "y": 39.91231
    },
    {
        "city": "bj",
        "region": "西城",
        "name": "天宁寺",
        "x": 116.346153,
        "y": 39.894371
    },
    {
        "city": "bj",
        "region": "西城",
        "name": "牛街",
        "x": 116.363663,
        "y": 39.886261
    },
    {
        "city": "bj",
        "region": "西城",
        "name": "木樨地",
        "x": 116.335495,
        "y": 39.907513
    },
    {
        "city": "bj",
        "region": "西城",
        "name": "阜成门",
        "x": 116.349152,
        "y": 39.927246
    },
    {
        "city": "bj",
        "region": "西城",
        "name": "德胜门",
        "x": 116.379631,
        "y": 39.94965
    },
    {
        "city": "bj",
        "region": "西城",
        "name": "金融街",
        "x": 116.36611,
        "y": 39.91231
    },
    {
        "city": "bj",
        "region": "西城",
        "name": "车公庄",
        "x": 116.341293,
        "y": 39.933182
    },
    {
        "city": "bj",
        "region": "西城",
        "name": "长椿街",
        "x": 116.363571,
        "y": 39.8936
    },
    {
        "city": "bj",
        "region": "西城",
        "name": "白纸坊",
        "x": 116.372604,
        "y": 39.878868
    },
    {
        "city": "bj",
        "region": "海淀",
        "name": "颐和园",
        "x": 116.276627,
        "y": 39.992199
    },
    {
        "city": "bj",
        "region": "海淀",
        "name": "新街口",
        "x": 116.371002,
        "y": 39.951672
    },
    {
        "city": "bj",
        "region": "海淀",
        "name": "圆明园",
        "x": 116.303291,
        "y": 40.006283
    },
    {
        "city": "bj",
        "region": "海淀",
        "name": "西二旗",
        "x": 116.305008,
        "y": 40.053402
    },
    {
        "city": "bj",
        "region": "海淀",
        "name": "西直门",
        "x": 116.355515,
        "y": 39.940449
    },
    {
        "city": "bj",
        "region": "海淀",
        "name": "小西天",
        "x": 116.370583,
        "y": 39.953178
    },
    {
        "city": "bj",
        "region": "海淀",
        "name": "西北旺",
        "x": 116.29845,
        "y": 39.95933
    },
    {
        "city": "bj",
        "region": "海淀",
        "name": "学院路",
        "x": 116.29845,
        "y": 39.95933
    },
    {
        "city": "bj",
        "region": "海淀",
        "name": "西山",
        "x": 116.191803,
        "y": 39.974239
    },
    {
        "city": "bj",
        "region": "海淀",
        "name": "万寿路",
        "x": 116.29845,
        "y": 39.95933
    },
    {
        "city": "bj",
        "region": "海淀",
        "name": "魏公村",
        "x": 116.317696,
        "y": 39.954269
    },
    {
        "city": "bj",
        "region": "海淀",
        "name": "万柳",
        "x": 116.296959,
        "y": 39.967056
    },
    {
        "city": "bj",
        "region": "海淀",
        "name": "五道口",
        "x": 116.34584,
        "y": 39.9921
    },
    {
        "city": "bj",
        "region": "海淀",
        "name": "双榆树",
        "x": 116.323433,
        "y": 39.972008
    },
    {
        "city": "bj",
        "region": "海淀",
        "name": "田村",
        "x": 116.235077,
        "y": 39.933479
    },
    {
        "city": "bj",
        "region": "海淀",
        "name": "四季青",
        "x": 116.274689,
        "y": 39.954563
    },
    {
        "city": "bj",
        "region": "海淀",
        "name": "世纪城",
        "x": 116.281601,
        "y": 39.96162
    },
    {
        "city": "bj",
        "region": "海淀",
        "name": "上地",
        "x": 116.253578,
        "y": 40.06728
    },
    {
        "city": "bj",
        "region": "海淀",
        "name": "苏州桥",
        "x": 116.29845,
        "y": 39.95933
    },
    {
        "city": "bj",
        "region": "海淀",
        "name": "海淀其它",
        "x": 116.215599,
        "y": 40.10416
    },
    {
        "city": "bj",
        "region": "海淀",
        "name": "清河",
        "x": 116.29845,
        "y": 39.95933
    },
    {
        "city": "bj",
        "region": "海淀",
        "name": "海淀北部新区",
        "x": 116.18074,
        "y": 40.046848
    },
    {
        "city": "bj",
        "region": "海淀",
        "name": "马连洼",
        "x": 116.268509,
        "y": 40.020351
    },
    {
        "city": "bj",
        "region": "海淀",
        "name": "军博",
        "x": 116.323517,
        "y": 39.906933
    },
    {
        "city": "bj",
        "region": "海淀",
        "name": "甘家口",
        "x": 116.329109,
        "y": 39.927338
    },
    {
        "city": "bj",
        "region": "海淀",
        "name": "公主坟",
        "x": 116.194397,
        "y": 39.99889
    },
    {
        "city": "bj",
        "region": "海淀",
        "name": "厂洼",
        "x": 116.308434,
        "y": 39.957256
    },
    {
        "city": "bj",
        "region": "海淀",
        "name": "二里庄",
        "x": 116.367828,
        "y": 39.99461
    },
    {
        "city": "bj",
        "region": "海淀",
        "name": "定慧寺",
        "x": 116.277672,
        "y": 39.921707
    },
    {
        "city": "bj",
        "region": "海淀",
        "name": "北太平庄",
        "x": 116.332451,
        "y": 39.951351
    },
    {
        "city": "bj",
        "region": "丰台",
        "name": "赵公口",
        "x": 116.409088,
        "y": 39.859234
    },
    {
        "city": "bj",
        "region": "海淀",
        "name": "白石桥",
        "x": 116.29845,
        "y": 39.95933
    },
    {
        "city": "bj",
        "region": "丰台",
        "name": "右安门外",
        "x": 116.369522,
        "y": 39.866619
    },
    {
        "city": "bj",
        "region": "海淀",
        "name": "安宁庄",
        "x": 116.324043,
        "y": 40.047073
    },
    {
        "city": "bj",
        "region": "丰台",
        "name": "五棵松",
        "x": 116.273987,
        "y": 39.907429
    },
    {
        "city": "bj",
        "region": "丰台",
        "name": "岳各庄",
        "x": 116.283379,
        "y": 39.880219
    },
    {
        "city": "bj",
        "region": "丰台",
        "name": "玉泉营",
        "x": 116.34642,
        "y": 39.849823
    },
    {
        "city": "bj",
        "region": "丰台",
        "name": "五里店",
        "x": 116.262955,
        "y": 39.863281
    },
    {
        "city": "bj",
        "region": "丰台",
        "name": "太平桥",
        "x": 116.23128,
        "y": 40.22077
    },
    {
        "city": "bj",
        "region": "丰台",
        "name": "青塔",
        "x": 116.28616,
        "y": 39.85856
    },
    {
        "city": "bj",
        "region": "丰台",
        "name": "木樨园",
        "x": 116.405273,
        "y": 39.854576
    },
    {
        "city": "bj",
        "region": "丰台",
        "name": "马连道",
        "x": 116.28616,
        "y": 39.85856
    },
    {
        "city": "bj",
        "region": "丰台",
        "name": "七里庄",
        "x": 116.293571,
        "y": 39.866436
    },
    {
        "city": "bj",
        "region": "丰台",
        "name": "卢沟桥",
        "x": 116.28616,
        "y": 39.85856
    },
    {
        "city": "bj",
        "region": "丰台",
        "name": "六里桥",
        "x": 116.23128,
        "y": 40.22077
    },
    {
        "city": "bj",
        "region": "丰台",
        "name": "马家堡",
        "x": 116.38797,
        "y": 39.867481
    },
    {
        "city": "bj",
        "region": "丰台",
        "name": "丽泽",
        "x": 116.312477,
        "y": 39.867401
    },
    {
        "city": "bj",
        "region": "丰台",
        "name": "花乡",
        "x": 116.308777,
        "y": 39.83234
    },
    {
        "city": "bj",
        "region": "丰台",
        "name": "丰台其它",
        "x": 116.28616,
        "y": 39.85856
    },
    {
        "city": "bj",
        "region": "丰台",
        "name": "大红门",
        "x": 116.326752,
        "y": 39.885151
    },
    {
        "city": "bj",
        "region": "丰台",
        "name": "刘家窑",
        "x": 116.428947,
        "y": 39.857548
    },
    {
        "city": "bj",
        "region": "丰台",
        "name": "角门",
        "x": 116.28616,
        "y": 39.85856
    },
    {
        "city": "bj",
        "region": "丰台",
        "name": "看丹桥",
        "x": 116.403275,
        "y": 39.937653
    },
    {
        "city": "bj",
        "region": "丰台",
        "name": "广安门",
        "x": 116.344574,
        "y": 39.876816
    },
    {
        "city": "bj",
        "region": "丰台",
        "name": "草桥",
        "x": 116.28616,
        "y": 39.85856
    },
    {
        "city": "bj",
        "region": "丰台",
        "name": "菜户营",
        "x": 116.346931,
        "y": 39.861881
    },
    {
        "city": "bj",
        "region": "朝阳",
        "name": "燕莎",
        "x": 116.44355,
        "y": 39.9219
    },
    {
        "city": "bj",
        "region": "丰台",
        "name": "北京南站",
        "x": 116.378731,
        "y": 39.865265
    },
    {
        "city": "bj",
        "region": "朝阳",
        "name": "西坝河",
        "x": 116.438454,
        "y": 39.962509
    },
    {
        "city": "bj",
        "region": "朝阳",
        "name": "亚运村小营",
        "x": 116.420685,
        "y": 39.987984
    },
    {
        "city": "bj",
        "region": "朝阳",
        "name": "亚运村",
        "x": 116.420685,
        "y": 39.987984
    },
    {
        "city": "bj",
        "region": "朝阳",
        "name": "小红门",
        "x": 116.458969,
        "y": 39.833313
    },
    {
        "city": "bj",
        "region": "朝阳",
        "name": "太阳宫",
        "x": 116.447456,
        "y": 39.972576
    },
    {
        "city": "bj",
        "region": "朝阳",
        "name": "望京",
        "x": 116.46859,
        "y": 39.995811
    },
    {
        "city": "bj",
        "region": "朝阳",
        "name": "甜水园",
        "x": 116.484459,
        "y": 39.924877
    },
    {
        "city": "bj",
        "region": "朝阳",
        "name": "四惠",
        "x": 116.489647,
        "y": 39.908146
    },
    {
        "city": "bj",
        "region": "朝阳",
        "name": "团结湖",
        "x": 116.467827,
        "y": 39.9291
    },
    {
        "city": "bj",
        "region": "朝阳",
        "name": "三里屯",
        "x": 116.454361,
        "y": 39.935001
    },
    {
        "city": "bj",
        "region": "朝阳",
        "name": "双桥",
        "x": 116.576729,
        "y": 39.910122
    },
    {
        "city": "bj",
        "region": "朝阳",
        "name": "十八里店",
        "x": 116.468918,
        "y": 39.842319
    },
    {
        "city": "bj",
        "region": "朝阳",
        "name": "十里河",
        "x": 116.4561,
        "y": 39.858398
    },
    {
        "city": "bj",
        "region": "朝阳",
        "name": "十里堡",
        "x": 116.502678,
        "y": 39.923859
    },
    {
        "city": "bj",
        "region": "朝阳",
        "name": "双井",
        "x": 116.474419,
        "y": 39.89558
    },
    {
        "city": "bj",
        "region": "朝阳",
        "name": "石佛营",
        "x": 116.498817,
        "y": 39.933678
    },
    {
        "city": "bj",
        "region": "朝阳",
        "name": "芍药居",
        "x": 116.435936,
        "y": 39.983093
    },
    {
        "city": "bj",
        "region": "朝阳",
        "name": "宋家庄",
        "x": 116.426208,
        "y": 39.848152
    },
    {
        "city": "bj",
        "region": "朝阳",
        "name": "三元桥",
        "x": 116.454437,
        "y": 39.957764
    },
    {
        "city": "bj",
        "region": "朝阳",
        "name": "潘家园",
        "x": 116.458412,
        "y": 39.875462
    },
    {
        "city": "bj",
        "region": "朝阳",
        "name": "南沙滩",
        "x": 116.370308,
        "y": 40.002777
    },
    {
        "city": "bj",
        "region": "朝阳",
        "name": "亮马桥",
        "x": 116.464287,
        "y": 39.951092
    },
    {
        "city": "bj",
        "region": "朝阳",
        "name": "牡丹园",
        "x": 116.47831,
        "y": 39.871922
    },
    {
        "city": "bj",
        "region": "朝阳",
        "name": "农展馆",
        "x": 116.46846,
        "y": 39.939819
    },
    {
        "city": "bj",
        "region": "朝阳",
        "name": "马甸",
        "x": 116.379944,
        "y": 39.971409
    },
    {
        "city": "bj",
        "region": "朝阳",
        "name": "健翔桥",
        "x": 116.44355,
        "y": 39.9219
    },
    {
        "city": "bj",
        "region": "朝阳",
        "name": "劲松",
        "x": 116.446014,
        "y": 39.886364
    },
    {
        "city": "bj",
        "region": "朝阳",
        "name": "华威桥",
        "x": 116.44355,
        "y": 39.9219
    },
    {
        "city": "bj",
        "region": "朝阳",
        "name": "酒仙桥",
        "x": 116.491333,
        "y": 39.96241
    },
    {
        "city": "bj",
        "region": "朝阳",
        "name": "欢乐谷",
        "x": 116.495758,
        "y": 39.867683
    },
    {
        "city": "bj",
        "region": "朝阳",
        "name": "国展",
        "x": 116.443092,
        "y": 39.962166
    },
    {
        "city": "bj",
        "region": "朝阳",
        "name": "惠新西街",
        "x": 116.417419,
        "y": 39.985668
    },
    {
        "city": "bj",
        "region": "朝阳",
        "name": "红庙",
        "x": 116.476051,
        "y": 39.91468
    },
    {
        "city": "bj",
        "region": "朝阳",
        "name": "甘露园",
        "x": 116.515175,
        "y": 39.914906
    },
    {
        "city": "bj",
        "region": "朝阳",
        "name": "高碑店",
        "x": 116.517258,
        "y": 39.891418
    },
    {
        "city": "bj",
        "region": "朝阳",
        "name": "管庄",
        "x": 116.587341,
        "y": 39.912819
    },
    {
        "city": "bj",
        "region": "朝阳",
        "name": "垡头",
        "x": 116.512283,
        "y": 39.864151
    },
    {
        "city": "bj",
        "region": "朝阳",
        "name": "方庄",
        "x": 116.457214,
        "y": 39.867283
    },
    {
        "city": "bj",
        "region": "朝阳",
        "name": "定福庄",
        "x": 116.554459,
        "y": 39.91642
    },
    {
        "city": "bj",
        "region": "朝阳",
        "name": "大山子",
        "x": 116.489151,
        "y": 39.98645
    },
    {
        "city": "bj",
        "region": "朝阳",
        "name": "豆各庄",
        "x": 116.558311,
        "y": 39.845699
    },
    {
        "city": "bj",
        "region": "朝阳",
        "name": "东大桥",
        "x": 116.44355,
        "y": 39.9219
    },
    {
        "city": "bj",
        "region": "朝阳",
        "name": "东坝",
        "x": 116.54644,
        "y": 39.957409
    },
    {
        "city": "bj",
        "region": "朝阳",
        "name": "朝阳公园",
        "x": 116.481117,
        "y": 39.940571
    },
    {
        "city": "bj",
        "region": "朝阳",
        "name": "大望路",
        "x": 116.44355,
        "y": 39.9219
    },
    {
        "city": "bj",
        "region": "朝阳",
        "name": "CBD",
        "x": 116.478447,
        "y": 39.915039
    },
    {
        "city": "bj",
        "region": "朝阳",
        "name": "朝青",
        "x": 116.44355,
        "y": 39.9219
    },
    {
        "city": "bj",
        "region": "朝阳",
        "name": "常营",
        "x": 116.603012,
        "y": 39.915562
    },
    {
        "city": "bj",
        "region": "朝阳",
        "name": "成寿寺",
        "x": 116.434517,
        "y": 39.852558
    },
    {
        "city": "bj",
        "region": "朝阳",
        "name": "百子湾",
        "x": 116.499878,
        "y": 39.900654
    },
    {
        "city": "bj",
        "region": "朝阳",
        "name": "北工大",
        "x": 116.481903,
        "y": 39.876316
    },
    {
        "city": "bj",
        "region": "石景山",
        "name": "石景山其它",
        "x": 116.222984,
        "y": 39.906612
    },
    {
        "city": "bj",
        "region": "丰台",
        "name": "北大地",
        "x": 116.283791,
        "y": 39.859764
    },
    {
        "city": "bj",
        "region": "石景山",
        "name": "苹果园",
        "x": 116.197845,
        "y": 39.910423
    },
    {
        "city": "bj",
        "region": "朝阳",
        "name": "北苑",
        "x": 116.44355,
        "y": 39.9219
    },
    {
        "city": "bj",
        "region": "石景山",
        "name": "杨庄",
        "x": 116.195999,
        "y": 39.925529
    },
    {
        "city": "bj",
        "region": "石景山",
        "name": "玉泉路",
        "x": 116.25296,
        "y": 39.913609
    },
    {
        "city": "bj",
        "region": "石景山",
        "name": "鲁谷",
        "x": 116.225426,
        "y": 39.898479
    },
    {
        "city": "bj",
        "region": "石景山",
        "name": "老山",
        "x": 116.22225,
        "y": 39.91109
    },
    {
        "city": "bj",
        "region": "石景山",
        "name": "古城",
        "x": 116.182343,
        "y": 39.914307
    },
    {
        "city": "bj",
        "region": "通州",
        "name": "玉桥",
        "x": 116.681602,
        "y": 39.890591
    },
    {
        "city": "bj",
        "region": "通州",
        "name": "武夷花园",
        "x": 116.699081,
        "y": 39.918869
    },
    {
        "city": "bj",
        "region": "通州",
        "name": "乔庄",
        "x": 116.700172,
        "y": 39.881954
    },
    {
        "city": "bj",
        "region": "通州",
        "name": "万达",
        "x": 116.65714,
        "y": 39.90998
    },
    {
        "city": "bj",
        "region": "通州",
        "name": "临河里",
        "x": 116.680916,
        "y": 39.876518
    },
    {
        "city": "bj",
        "region": "通州",
        "name": "通州北苑",
        "x": 116.640541,
        "y": 39.900703
    },
    {
        "city": "bj",
        "region": "通州",
        "name": "梨园",
        "x": 116.668472,
        "y": 39.88372
    },
    {
        "city": "bj",
        "region": "通州",
        "name": "潞苑",
        "x": 116.677521,
        "y": 39.937511
    },
    {
        "city": "bj",
        "region": "昌平",
        "name": "小汤山",
        "x": 116.436157,
        "y": 40.152
    },
    {
        "city": "bj",
        "region": "通州",
        "name": "果园",
        "x": 116.651749,
        "y": 39.889996
    },
    {
        "city": "bj",
        "region": "昌平",
        "name": "西关环岛",
        "x": 116.218559,
        "y": 40.221169
    },
    {
        "city": "bj",
        "region": "昌平",
        "name": "沙河",
        "x": 116.288696,
        "y": 40.1483
    },
    {
        "city": "bj",
        "region": "通州",
        "name": "九棵树(家乐福)",
        "x": 116.65692,
        "y": 39.88956
    },
    {
        "city": "bj",
        "region": "昌平",
        "name": "南口",
        "x": 116.23128,
        "y": 40.22077
    },
    {
        "city": "bj",
        "region": "昌平",
        "name": "天通苑",
        "x": 116.418282,
        "y": 40.060814
    },
    {
        "city": "bj",
        "region": "昌平",
        "name": "西三旗",
        "x": 116.361572,
        "y": 40.061378
    },
    {
        "city": "bj",
        "region": "昌平",
        "name": "南邵",
        "x": 116.23128,
        "y": 40.22077
    },
    {
        "city": "bj",
        "region": "昌平",
        "name": "霍营",
        "x": 116.390335,
        "y": 40.086258
    },
    {
        "city": "bj",
        "region": "昌平",
        "name": "立水桥",
        "x": 116.23128,
        "y": 40.22077
    },
    {
        "city": "bj",
        "region": "昌平",
        "name": "昌平其它",
        "x": 116.23128,
        "y": 40.22077
    },
    {
        "city": "bj",
        "region": "昌平",
        "name": "鼓楼大街",
        "x": 116.23128,
        "y": 40.22077
    },
    {
        "city": "bj",
        "region": "昌平",
        "name": "东关",
        "x": 116.261986,
        "y": 40.221764
    },
    {
        "city": "bj",
        "region": "昌平",
        "name": "回龙观",
        "x": 116.327477,
        "y": 40.06501
    },
    {
        "city": "bj",
        "region": "昌平",
        "name": "北七家",
        "x": 116.412567,
        "y": 40.121239
    },
    {
        "city": "bj",
        "region": "大兴",
        "name": "亦庄开发区其它",
        "x": 116.497253,
        "y": 39.772297
    },
    {
        "city": "bj",
        "region": "大兴",
        "name": "枣园",
        "x": 116.34159,
        "y": 39.72684
    },
    {
        "city": "bj",
        "region": "大兴",
        "name": "义和庄",
        "x": 116.332863,
        "y": 39.714401
    },
    {
        "city": "bj",
        "region": "大兴",
        "name": "瀛海",
        "x": 116.452278,
        "y": 39.756279
    },
    {
        "city": "bj",
        "region": "大兴",
        "name": "亦庄",
        "x": 116.480614,
        "y": 39.802582
    },
    {
        "city": "bj",
        "region": "大兴",
        "name": "西红门",
        "x": 116.326912,
        "y": 39.788528
    },
    {
        "city": "bj",
        "region": "大兴",
        "name": "新宫",
        "x": 116.360092,
        "y": 39.818001
    },
    {
        "city": "bj",
        "region": "大兴",
        "name": "万源",
        "x": 116.507645,
        "y": 39.801731
    },
    {
        "city": "bj",
        "region": "大兴",
        "name": "南中轴机场商务区",
        "x": 116.34159,
        "y": 39.72684
    },
    {
        "city": "bj",
        "region": "大兴",
        "name": "天宫院",
        "x": 116.323433,
        "y": 39.677402
    },
    {
        "city": "bj",
        "region": "大兴",
        "name": "通州其它",
        "x": 116.524261,
        "y": 39.823677
    },
    {
        "city": "bj",
        "region": "大兴",
        "name": "马驹桥",
        "x": 116.560608,
        "y": 39.7495
    },
    {
        "city": "bj",
        "region": "大兴",
        "name": "科技园区",
        "x": 116.318848,
        "y": 39.692032
    },
    {
        "city": "bj",
        "region": "大兴",
        "name": "旧宫",
        "x": 116.34159,
        "y": 39.72684
    },
    {
        "city": "bj",
        "region": "大兴",
        "name": "和义",
        "x": 116.34159,
        "y": 39.72684
    },
    {
        "city": "bj",
        "region": "大兴",
        "name": "黄村火车站",
        "x": 116.332359,
        "y": 39.723549
    },
    {
        "city": "bj",
        "region": "大兴",
        "name": "黄村中",
        "x": 116.443008,
        "y": 39.671421
    },
    {
        "city": "bj",
        "region": "大兴",
        "name": "高米店",
        "x": 116.331406,
        "y": 39.773273
    },
    {
        "city": "bj",
        "region": "大兴",
        "name": "大兴机场空港",
        "x": 116.414207,
        "y": 39.509991
    },
    {
        "city": "bj",
        "region": "大兴",
        "name": "大兴新机场洋房别墅区",
        "x": 116.330658,
        "y": 39.609844
    },
    {
        "city": "bj",
        "region": "大兴",
        "name": "观音寺",
        "x": 116.345917,
        "y": 39.74231
    },
    {
        "city": "bj",
        "region": "大兴",
        "name": "大兴新机场",
        "x": 116.425392,
        "y": 39.523617
    },
    {
        "city": "bj",
        "region": "房山",
        "name": "房山其它",
        "x": 116.143265,
        "y": 39.749146
    },
    {
        "city": "bj",
        "region": "房山",
        "name": "大兴其它",
        "x": 116.14294,
        "y": 39.74788
    },
    {
        "city": "bj",
        "region": "房山",
        "name": "窦店",
        "x": 116.081795,
        "y": 39.629471
    },
    {
        "city": "bj",
        "region": "房山",
        "name": "城关",
        "x": 116.14294,
        "y": 39.74788
    },
    {
        "city": "bj",
        "region": "怀柔",
        "name": "怀柔",
        "x": 116.63177,
        "y": 40.316
    },
    {
        "city": "bj",
        "region": "怀柔",
        "name": "怀柔其它",
        "x": 116.638939,
        "y": 40.274132
    },
    {
        "city": "bj",
        "region": "房山",
        "name": "长阳",
        "x": 116.178314,
        "y": 39.760151
    },
    {
        "city": "bj",
        "region": "门头沟",
        "name": "石门营",
        "x": 116.107811,
        "y": 39.890892
    },
    {
        "city": "bj",
        "region": "门头沟",
        "name": "上岸地铁",
        "x": 116.133392,
        "y": 39.896519
    },
    {
        "city": "bj",
        "region": "门头沟",
        "name": "门头沟其它",
        "x": 116.10146,
        "y": 39.94048
    },
    {
        "city": "bj",
        "region": "门头沟",
        "name": "冯村",
        "x": 116.106773,
        "y": 39.90773
    },
    {
        "city": "bj",
        "region": "顺义",
        "name": "天竺",
        "x": 116.592682,
        "y": 40.079784
    },
    {
        "city": "bj",
        "region": "门头沟",
        "name": "大峪",
        "x": 116.10146,
        "y": 39.94048
    },
    {
        "city": "bj",
        "region": "门头沟",
        "name": "城子",
        "x": 116.10146,
        "y": 39.94048
    },
    {
        "city": "bj",
        "region": "顺义",
        "name": "首都机场",
        "x": 116.60743,
        "y": 40.064281
    },
    {
        "city": "bj",
        "region": "顺义",
        "name": "中央别墅区",
        "x": 116.540154,
        "y": 40.080448
    },
    {
        "city": "bj",
        "region": "顺义",
        "name": "顺义其它",
        "x": 116.65477,
        "y": 40.13012
    },
    {
        "city": "bj",
        "region": "顺义",
        "name": "顺义城",
        "x": 116.639229,
        "y": 40.122677
    },
    {
        "city": "bj",
        "region": "顺义",
        "name": "李桥",
        "x": 116.64399,
        "y": 40.061279
    },
    {
        "city": "bj",
        "region": "顺义",
        "name": "马坡",
        "x": 116.640678,
        "y": 40.171032
    },
    {
        "city": "bj",
        "region": "门头沟",
        "name": "滨河西区",
        "x": 116.110428,
        "y": 39.934719
    },
    {
        "city": "bj",
        "region": "东城",
        "name": "洋桥",
        "x": 116.386772,
        "y": 39.85701
    },
    {
        "city": "bj",
        "region": "顺义",
        "name": "后沙峪",
        "x": 116.568718,
        "y": 40.109879
    },
    {
        "city": "bj",
        "region": "东城",
        "name": "西罗园",
        "x": 116.391777,
        "y": 39.860519
    },
    {
        "city": "bj",
        "region": "东城",
        "name": "西单",
        "x": 116.376991,
        "y": 39.9072
    },
    {
        "city": "bj",
        "region": "东城",
        "name": "永定门",
        "x": 116.3993,
        "y": 39.873112
    },
    {
        "city": "bj",
        "region": "东城",
        "name": "天坛",
        "x": 116.412903,
        "y": 39.883709
    },
    {
        "city": "bj",
        "region": "东城",
        "name": "陶然亭",
        "x": 116.38887,
        "y": 39.870682
    },
    {
        "city": "bj",
        "region": "东城",
        "name": "前门",
        "x": 116.39843,
        "y": 39.892941
    },
    {
        "city": "bj",
        "region": "东城",
        "name": "六铺炕",
        "x": 116.391037,
        "y": 39.954296
    },
    {
        "city": "bj",
        "region": "东城",
        "name": "蒲黄榆",
        "x": 116.415337,
        "y": 39.870155
    },
    {
        "city": "bj",
        "region": "东城",
        "name": "交道口",
        "x": 116.412315,
        "y": 39.942669
    },
    {
        "city": "bj",
        "region": "东城",
        "name": "建国门内",
        "x": 116.427673,
        "y": 39.914143
    },
    {
        "city": "bj",
        "region": "东城",
        "name": "金宝街",
        "x": 116.434631,
        "y": 39.91552
    },
    {
        "city": "bj",
        "region": "东城",
        "name": "建国门外",
        "x": 116.427673,
        "y": 39.914143
    },
    {
        "city": "bj",
        "region": "东城",
        "name": "和平里",
        "x": 116.422829,
        "y": 39.957298
    },
    {
        "city": "bj",
        "region": "东城",
        "name": "灯市口",
        "x": 116.413925,
        "y": 39.920582
    },
    {
        "city": "bj",
        "region": "东城",
        "name": "工体",
        "x": 116.44722,
        "y": 39.930908
    },
    {
        "city": "bj",
        "region": "东城",
        "name": "广渠门",
        "x": 116.445747,
        "y": 39.892593
    },
    {
        "city": "bj",
        "region": "东城",
        "name": "地安门",
        "x": 116.397049,
        "y": 39.933102
    },
    {
        "city": "bj",
        "region": "东城",
        "name": "东花市",
        "x": 116.427834,
        "y": 39.89843
    },
    {
        "city": "bj",
        "region": "东城",
        "name": "东四",
        "x": 116.418205,
        "y": 39.92469
    },
    {
        "city": "bj",
        "region": "东城",
        "name": "东单",
        "x": 116.418816,
        "y": 39.908405
    },
    {
        "city": "bj",
        "region": "东城",
        "name": "东直门",
        "x": 116.41637,
        "y": 39.92855
    },
    {
        "city": "bj",
        "region": "东城",
        "name": "崇文门",
        "x": 116.417763,
        "y": 39.900391
    },
    {
        "city": "bj",
        "region": "东城",
        "name": "朝阳门内",
        "x": 116.429276,
        "y": 39.924274
    },
    {
        "city": "bj",
        "region": "密云",
        "name": "密云其它",
        "x": 116.845093,
        "y": 40.376862
    },
    {
        "city": "bj",
        "region": "东城",
        "name": "朝阳门外",
        "x": 116.443108,
        "y": 39.921471
    },
    {
        "city": "bj",
        "region": "东城",
        "name": "安贞",
        "x": 116.409996,
        "y": 39.971905
    },
    {
        "city": "bj",
        "region": "密云",
        "name": "密云镇",
        "x": 116.840469,
        "y": 40.36879
    },
    {
        "city": "bj",
        "region": "密云",
        "name": "果园街道",
        "x": 116.835808,
        "y": 40.37899
    },
    {
        "city": "bj",
        "region": "密云",
        "name": "鼓楼街道",
        "x": 116.840599,
        "y": 40.368858
    },
    {
        "city": "bj",
        "region": "密云",
        "name": "古北口镇",
        "x": 117.163902,
        "y": 40.692093
    }
]