[
    {
        "city": "zhangzhou",
        "region": "漳浦县",
        "name": "府前",
        "url": "https://zhangzhou.lianjia.com/zufang/fuqian2/",
        "total": 151,
        "pages": 6
    },
    {
        "city": "zhangzhou",
        "region": "角美台商投资区",
        "name": "角美台商投资区",
        "url": "https://zhangzhou.lianjia.com/zufang/jiaomeitaishangtouziqu/",
        "total": 1203,
        "pages": 41
    },
    {
        "city": "zhangzhou",
        "region": "华安县",
        "name": "华安县",
        "url": "https://zhangzhou.lianjia.com/zufang/huaanxian1/",
        "total": 3,
        "pages": 1
    },
    {
        "city": "zhangzhou",
        "region": "漳州港",
        "name": "港尾镇",
        "url": "https://zhangzhou.lianjia.com/zufang/gangweizhen/",
        "total": 180,
        "pages": 6
    },
    {
        "city": "zhangzhou",
        "region": "芗城区",
        "name": "北斗工业区",
        "url": "https://zhangzhou.lianjia.com/zufang/beidougongyequ/",
        "total": 76,
        "pages": 3
    },
    {
        "city": "zhangzhou",
        "region": "东山县",
        "name": "东山县",
        "url": "https://zhangzhou.lianjia.com/zufang/dongshanxian1/",
        "total": 6,
        "pages": 1
    },
    {
        "city": "zhangzhou",
        "region": "漳浦县",
        "name": "漳浦城东",
        "url": "https://zhangzhou.lianjia.com/zufang/zhangpuchengdong/",
        "total": 137,
        "pages": 5
    },
    {
        "city": "zhangzhou",
        "region": "漳浦县",
        "name": "漳浦城西",
        "url": "https://zhangzhou.lianjia.com/zufang/zhangpuchengxi/",
        "total": 75,
        "pages": 3
    },
    {
        "city": "zhangzhou",
        "region": "漳浦县",
        "name": "漳浦城北",
        "url": "https://zhangzhou.lianjia.com/zufang/zhangpuchengbei/",
        "total": 172,
        "pages": 6
    },
    {
        "city": "zhangzhou",
        "region": "平和县",
        "name": "平和县",
        "url": "https://zhangzhou.lianjia.com/zufang/pinghexian2/",
        "total": 2,
        "pages": 1
    },
    {
        "city": "zhangzhou",
        "region": "漳浦县",
        "name": "漳浦江滨",
        "url": "https://zhangzhou.lianjia.com/zufang/zhangpujiangbin/",
        "total": 151,
        "pages": 6
    },
    {
        "city": "zhangzhou",
        "region": "漳浦县",
        "name": "古雷港开发区",
        "url": "https://zhangzhou.lianjia.com/zufang/guleigangkaifaqu/",
        "total": 2,
        "pages": 1
    },
    {
        "city": "zhangzhou",
        "region": "角美台商投资区",
        "name": "龙池开发区",
        "url": "https://zhangzhou.lianjia.com/zufang/longchikaifaqu/",
        "total": 695,
        "pages": 24
    },
    {
        "city": "zhangzhou",
        "region": "龙文区",
        "name": "湘桥湖周边",
        "url": "https://zhangzhou.lianjia.com/zufang/xiangqiaohuzhoubian/",
        "total": 726,
        "pages": 25
    },
    {
        "city": "zhangzhou",
        "region": "龙文区",
        "name": "蓝田宝龙商圈",
        "url": "https://zhangzhou.lianjia.com/zufang/lantianbaolongshangquan/",
        "total": 695,
        "pages": 24
    },
    {
        "city": "zhangzhou",
        "region": "龙文区",
        "name": "福隆城商圈",
        "url": "https://zhangzhou.lianjia.com/zufang/fulongchengshangquan/",
        "total": 890,
        "pages": 30
    },
    {
        "city": "zhangzhou",
        "region": "龙文区",
        "name": "闽南水乡",
        "url": "https://zhangzhou.lianjia.com/zufang/minnanshuixiang/",
        "total": 819,
        "pages": 28
    },
    {
        "city": "zhangzhou",
        "region": "龙文区",
        "name": "碧湖万达",
        "url": "https://zhangzhou.lianjia.com/zufang/bihuwanda/",
        "total": 1952,
        "pages": 66
    },
    {
        "city": "zhangzhou",
        "region": "龙海区",
        "name": "石码镇",
        "url": "https://zhangzhou.lianjia.com/zufang/shimazhen/",
        "total": 106,
        "pages": 4
    },
    {
        "city": "zhangzhou",
        "region": "长泰区",
        "name": "长泰县",
        "url": "https://zhangzhou.lianjia.com/zufang/changtaixian2/",
        "total": 56,
        "pages": 2
    },
    {
        "city": "zhangzhou",
        "region": "漳州港",
        "name": "南滨大道",
        "url": "https://zhangzhou.lianjia.com/zufang/nanbindadao/",
        "total": 1357,
        "pages": 46
    },
    {
        "city": "zhangzhou",
        "region": "漳州港",
        "name": "招商大道",
        "url": "https://zhangzhou.lianjia.com/zufang/zhaoshangdadao/",
        "total": 355,
        "pages": 12
    },
    {
        "city": "zhangzhou",
        "region": "芗城区",
        "name": "中医院",
        "url": "https://zhangzhou.lianjia.com/zufang/zhongyiyuan/",
        "total": 317,
        "pages": 11
    },
    {
        "city": "zhangzhou",
        "region": "芗城区",
        "name": "一七五",
        "url": "https://zhangzhou.lianjia.com/zufang/yiqiwu/",
        "total": 758,
        "pages": 26
    },
    {
        "city": "zhangzhou",
        "region": "芗城区",
        "name": "中山公园",
        "url": "https://zhangzhou.lianjia.com/zufang/zhongshangongyuan4/",
        "total": 220,
        "pages": 8
    },
    {
        "city": "zhangzhou",
        "region": "芗城区",
        "name": "市政府",
        "url": "https://zhangzhou.lianjia.com/zufang/shizhengfu5/",
        "total": 459,
        "pages": 16
    },
    {
        "city": "zhangzhou",
        "region": "芗城区",
        "name": "沃尔玛",
        "url": "https://zhangzhou.lianjia.com/zufang/woerma1/",
        "total": 656,
        "pages": 22
    },
    {
        "city": "zhangzhou",
        "region": "芗城区",
        "name": "人民广场",
        "url": "https://zhangzhou.lianjia.com/zufang/renminguangchang4/",
        "total": 700,
        "pages": 24
    },
    {
        "city": "zhangzhou",
        "region": "芗城区",
        "name": "金峰",
        "url": "https://zhangzhou.lianjia.com/zufang/jinfeng/",
        "total": 1243,
        "pages": 42
    },
    {
        "city": "zhangzhou",
        "region": "芗城区",
        "name": "女排大润发",
        "url": "https://zhangzhou.lianjia.com/zufang/nvpaidarunfa/",
        "total": 426,
        "pages": 15
    },
    {
        "city": "zhangzhou",
        "region": "芗城区",
        "name": "江滨",
        "url": "https://zhangzhou.lianjia.com/zufang/jiangbin1/",
        "total": 617,
        "pages": 21
    },
    {
        "city": "zhangzhou",
        "region": "芗城区",
        "name": "高新区",
        "url": "https://zhangzhou.lianjia.com/zufang/gaoxinqu22/",
        "total": 62,
        "pages": 3
    }
]