[
    {
        "city": "xm",
        "region": "翔安",
        "name": "大嶝岛",
        "x": 118.340118,
        "y": 24.542791
    },
    {
        "city": "xm",
        "region": "同安",
        "name": "环东海域",
        "x": 118.158394,
        "y": 24.650433
    },
    {
        "city": "xm",
        "region": "同安",
        "name": "集美其它",
        "x": 118.146469,
        "y": 24.731308
    },
    {
        "city": "xm",
        "region": "思明",
        "name": "邮轮城",
        "x": 118.076622,
        "y": 24.480547
    },
    {
        "city": "xm",
        "region": "同安",
        "name": "厦门北站商业区",
        "x": 118.15207,
        "y": 24.72286
    },
    {
        "city": "xm",
        "region": "同安",
        "name": "集美新城",
        "x": 118.072639,
        "y": 24.607191
    },
    {
        "city": "xm",
        "region": "思明",
        "name": "槟榔",
        "x": 118.109962,
        "y": 24.48283
    },
    {
        "city": "xm",
        "region": "思明",
        "name": "中山路",
        "x": 118.07872,
        "y": 24.453369
    },
    {
        "city": "xm",
        "region": "思明",
        "name": "岳阳社区",
        "x": 118.095207,
        "y": 24.490101
    },
    {
        "city": "xm",
        "region": "思明",
        "name": "仙岳社区",
        "x": 118.111023,
        "y": 24.49296
    },
    {
        "city": "xm",
        "region": "思明",
        "name": "外国语学校",
        "x": 118.092316,
        "y": 24.478214
    },
    {
        "city": "xm",
        "region": "思明",
        "name": "文灶",
        "x": 118.107094,
        "y": 24.46496
    },
    {
        "city": "xm",
        "region": "思明",
        "name": "文园路",
        "x": 118.095352,
        "y": 24.458321
    },
    {
        "city": "xm",
        "region": "湖里",
        "name": "五缘湾",
        "x": 118.174622,
        "y": 24.511377
    },
    {
        "city": "xm",
        "region": "湖里",
        "name": "祥店",
        "x": 118.14577,
        "y": 24.5118
    },
    {
        "city": "xm",
        "region": "思明",
        "name": "SM",
        "x": 118.08243,
        "y": 24.44579
    },
    {
        "city": "xm",
        "region": "思明",
        "name": "厦大",
        "x": 118.097427,
        "y": 24.43679
    },
    {
        "city": "xm",
        "region": "思明",
        "name": "体育中心",
        "x": 118.108559,
        "y": 24.48637
    },
    {
        "city": "xm",
        "region": "湖里",
        "name": "万达广场",
        "x": 118.177544,
        "y": 24.504721
    },
    {
        "city": "xm",
        "region": "湖里",
        "name": "机场区",
        "x": 118.136566,
        "y": 24.539618
    },
    {
        "city": "xm",
        "region": "湖里",
        "name": "金山",
        "x": 118.15358,
        "y": 24.49683
    },
    {
        "city": "xm",
        "region": "湖里",
        "name": "殿前",
        "x": 118.10675,
        "y": 24.530001
    },
    {
        "city": "xm",
        "region": "湖里",
        "name": "保税区",
        "x": 118.094086,
        "y": 24.523308
    },
    {
        "city": "xm",
        "region": "湖里",
        "name": "湖里大道",
        "x": 118.117523,
        "y": 24.511641
    },
    {
        "city": "xm",
        "region": "湖里",
        "name": "高新技术园",
        "x": 118.161919,
        "y": 24.52483
    },
    {
        "city": "xm",
        "region": "湖里",
        "name": "枋湖",
        "x": 118.134247,
        "y": 24.514078
    },
    {
        "city": "xm",
        "region": "湖里",
        "name": "大唐世家",
        "x": 118.123001,
        "y": 24.50835
    },
    {
        "city": "xm",
        "region": "海沧",
        "name": "海沧农场",
        "x": 118.000191,
        "y": 24.49073
    },
    {
        "city": "xm",
        "region": "海沧",
        "name": "角嵩路",
        "x": 118.00106,
        "y": 24.46961
    },
    {
        "city": "xm",
        "region": "海沧",
        "name": "未来海岸北师大",
        "x": 118.0345,
        "y": 24.455935
    },
    {
        "city": "xm",
        "region": "海沧",
        "name": "马銮湾中心片区",
        "x": 117.96151,
        "y": 24.533913
    },
    {
        "city": "xm",
        "region": "海沧",
        "name": "马銮湾东",
        "x": 117.958282,
        "y": 24.544252
    },
    {
        "city": "xm",
        "region": "海沧",
        "name": "海沧区政府",
        "x": 118.032829,
        "y": 24.484541
    },
    {
        "city": "xm",
        "region": "海沧",
        "name": "海沧生活区",
        "x": 118.03344,
        "y": 24.493883
    },
    {
        "city": "xm",
        "region": "海沧",
        "name": "海沧外国语片区",
        "x": 118.03394,
        "y": 24.48405
    },
    {
        "city": "xm",
        "region": "海沧",
        "name": "海沧体育中心",
        "x": 118.03083,
        "y": 24.471039
    },
    {
        "city": "xm",
        "region": "海沧",
        "name": "东孚",
        "x": 118.03394,
        "y": 24.48405
    },
    {
        "city": "xm",
        "region": "集美",
        "name": "杏东",
        "x": 118.09728,
        "y": 24.57591
    },
    {
        "city": "xm",
        "region": "集美",
        "name": "杏南",
        "x": 118.052864,
        "y": 24.637112
    },
    {
        "city": "xm",
        "region": "集美",
        "name": "杏西",
        "x": 118.09728,
        "y": 24.57591
    },
    {
        "city": "xm",
        "region": "集美",
        "name": "杏锦路",
        "x": 118.058929,
        "y": 24.581421
    },
    {
        "city": "xm",
        "region": "集美",
        "name": "杏北",
        "x": 118.034988,
        "y": 24.579433
    },
    {
        "city": "xm",
        "region": "集美",
        "name": "杏林桥头",
        "x": 118.040833,
        "y": 24.569056
    },
    {
        "city": "xm",
        "region": "集美",
        "name": "集美文教区",
        "x": 118.098877,
        "y": 24.574575
    },
    {
        "city": "xm",
        "region": "集美",
        "name": "锦园",
        "x": 118.0277,
        "y": 24.59345
    },
    {
        "city": "xm",
        "region": "思明",
        "name": "市政府",
        "x": 118.082397,
        "y": 24.44557
    },
    {
        "city": "xm",
        "region": "思明",
        "name": "松柏",
        "x": 118.120338,
        "y": 24.487852
    },
    {
        "city": "xm",
        "region": "思明",
        "name": "思北",
        "x": 118.083229,
        "y": 24.457478
    },
    {
        "city": "xm",
        "region": "思明",
        "name": "思明南路",
        "x": 118.087372,
        "y": 24.44409
    },
    {
        "city": "xm",
        "region": "海沧",
        "name": "滨海社区",
        "x": 118.162277,
        "y": 24.653435
    },
    {
        "city": "xm",
        "region": "集美",
        "name": "灌口",
        "x": 118.09728,
        "y": 24.57591
    },
    {
        "city": "xm",
        "region": "思明",
        "name": "实验小学及周边",
        "x": 118.106567,
        "y": 24.459251
    },
    {
        "city": "xm",
        "region": "思明",
        "name": "瑞景",
        "x": 118.105354,
        "y": 24.544479
    },
    {
        "city": "xm",
        "region": "思明",
        "name": "莲花一村",
        "x": 118.126984,
        "y": 24.482372
    },
    {
        "city": "xm",
        "region": "思明",
        "name": "前埔",
        "x": 118.17466,
        "y": 24.469452
    },
    {
        "city": "xm",
        "region": "思明",
        "name": "七星路",
        "x": 118.098244,
        "y": 24.48871
    },
    {
        "city": "xm",
        "region": "思明",
        "name": "软件园",
        "x": 118.114677,
        "y": 24.430012
    },
    {
        "city": "xm",
        "region": "思明",
        "name": "莲坂",
        "x": 118.123177,
        "y": 24.480755
    },
    {
        "city": "xm",
        "region": "思明",
        "name": "莲花",
        "x": 118.08243,
        "y": 24.44579
    },
    {
        "city": "xm",
        "region": "思明",
        "name": "莲前",
        "x": 118.278511,
        "y": 24.644283
    },
    {
        "city": "xm",
        "region": "思明",
        "name": "南山路",
        "x": 118.108864,
        "y": 24.50325
    },
    {
        "city": "xm",
        "region": "思明",
        "name": "金鸡亭",
        "x": 118.139359,
        "y": 24.477743
    },
    {
        "city": "xm",
        "region": "思明",
        "name": "黄厝",
        "x": 118.145683,
        "y": 24.433601
    },
    {
        "city": "xm",
        "region": "思明",
        "name": "江头",
        "x": 118.133339,
        "y": 24.495901
    },
    {
        "city": "xm",
        "region": "思明",
        "name": "火车站",
        "x": 118.08243,
        "y": 24.44579
    },
    {
        "city": "xm",
        "region": "思明",
        "name": "会展中心",
        "x": 118.181465,
        "y": 24.472902
    },
    {
        "city": "xm",
        "region": "思明",
        "name": "湖边水库",
        "x": 118.163918,
        "y": 24.496952
    },
    {
        "city": "xm",
        "region": "思明",
        "name": "金尚",
        "x": 118.150711,
        "y": 24.494289
    },
    {
        "city": "xm",
        "region": "思明",
        "name": "禾祥西路",
        "x": 118.087601,
        "y": 24.46509
    },
    {
        "city": "xm",
        "region": "思明",
        "name": "鼓浪屿",
        "x": 118.067146,
        "y": 24.444639
    },
    {
        "city": "xm",
        "region": "思明",
        "name": "禾祥东路",
        "x": 118.103996,
        "y": 24.46911
    },
    {
        "city": "xm",
        "region": "思明",
        "name": "公园小学及周边",
        "x": 118.089737,
        "y": 24.461859
    },
    {
        "city": "xm",
        "region": "思明",
        "name": "斗西路",
        "x": 118.088348,
        "y": 24.461269
    },
    {
        "city": "xm",
        "region": "思明",
        "name": "曾厝垵",
        "x": 118.125488,
        "y": 24.426769
    },
    {
        "city": "xm",
        "region": "思明",
        "name": "观音山",
        "x": 118.198196,
        "y": 24.49489
    },
    {
        "city": "xm",
        "region": "思明",
        "name": "东渡",
        "x": 118.08243,
        "y": 24.44579
    },
    {
        "city": "xm",
        "region": "思明",
        "name": "富山",
        "x": 118.08243,
        "y": 24.44579
    },
    {
        "city": "xm",
        "region": "思明",
        "name": "白鹭洲",
        "x": 118.089279,
        "y": 24.472469
    },
    {
        "city": "xm",
        "region": "思明",
        "name": "滨东",
        "x": 118.08243,
        "y": 24.44579
    },
    {
        "city": "xm",
        "region": "翔安",
        "name": "翔安其他",
        "x": 118.24722,
        "y": 24.61854
    },
    {
        "city": "xm",
        "region": "翔安",
        "name": "同安其它",
        "x": 118.255104,
        "y": 24.738531
    },
    {
        "city": "xm",
        "region": "翔安",
        "name": "同安区",
        "x": 118.15207,
        "y": 24.72286
    },
    {
        "city": "xm",
        "region": "翔安",
        "name": "翔安新城",
        "x": 118.248871,
        "y": 24.612032
    },
    {
        "city": "xm",
        "region": "翔安",
        "name": "马巷",
        "x": 118.24722,
        "y": 24.61854
    },
    {
        "city": "xm",
        "region": "翔安",
        "name": "新店",
        "x": 118.24722,
        "y": 24.61854
    }
]