[
    {
        "city": "sh",
        "region": "崇明",
        "name": "陈家镇",
        "x": 121.832611,
        "y": 31.52618
    },
    {
        "city": "sh",
        "region": "崇明",
        "name": "崇明新城",
        "x": 121.427574,
        "y": 31.624353
    },
    {
        "city": "sh",
        "region": "崇明",
        "name": "长兴岛",
        "x": 121.69383,
        "y": 31.38943
    },
    {
        "city": "sh",
        "region": "崇明",
        "name": "崇明其它",
        "x": 121.396996,
        "y": 31.626307
    },
    {
        "city": "sh",
        "region": "奉贤",
        "name": "庄行",
        "x": 121.4741,
        "y": 30.91803
    },
    {
        "city": "sh",
        "region": "闵行",
        "name": "颛桥",
        "x": 121.38206,
        "y": 31.11325
    },
    {
        "city": "sh",
        "region": "徐汇",
        "name": "长桥",
        "x": 121.43685,
        "y": 31.13207
    },
    {
        "city": "sh",
        "region": "闵行",
        "name": "莘庄南广场",
        "x": 121.388718,
        "y": 31.104145
    },
    {
        "city": "sh",
        "region": "闵行",
        "name": "莘庄北广场",
        "x": 121.38206,
        "y": 31.11325
    },
    {
        "city": "sh",
        "region": "闵行",
        "name": "吴泾",
        "x": 121.46019,
        "y": 31.063293
    },
    {
        "city": "sh",
        "region": "闵行",
        "name": "七宝",
        "x": 121.34539,
        "y": 31.155909
    },
    {
        "city": "sh",
        "region": "虹口",
        "name": "四川北路",
        "x": 121.483994,
        "y": 31.26384
    },
    {
        "city": "sh",
        "region": "闵行",
        "name": "梅陇",
        "x": 121.450699,
        "y": 31.12715
    },
    {
        "city": "sh",
        "region": "闵行",
        "name": "浦江",
        "x": 121.38206,
        "y": 31.11325
    },
    {
        "city": "sh",
        "region": "长宁",
        "name": "镇宁路",
        "x": 121.43689,
        "y": 31.218861
    },
    {
        "city": "sh",
        "region": "长宁",
        "name": "中山公园",
        "x": 121.418159,
        "y": 31.22208
    },
    {
        "city": "sh",
        "region": "长宁",
        "name": "新华路",
        "x": 121.417892,
        "y": 31.20537
    },
    {
        "city": "sh",
        "region": "长宁",
        "name": "仙霞",
        "x": 121.402809,
        "y": 31.20705
    },
    {
        "city": "sh",
        "region": "长宁",
        "name": "西郊",
        "x": 121.42394,
        "y": 31.22024
    },
    {
        "city": "sh",
        "region": "浦东",
        "name": "祝桥",
        "x": 121.674332,
        "y": 31.067362
    },
    {
        "city": "sh",
        "region": "长宁",
        "name": "虹桥",
        "x": 121.369278,
        "y": 31.193899
    },
    {
        "city": "sh",
        "region": "长宁",
        "name": "天山",
        "x": 121.42394,
        "y": 31.22024
    },
    {
        "city": "sh",
        "region": "长宁",
        "name": "古北",
        "x": 121.42394,
        "y": 31.22024
    },
    {
        "city": "sh",
        "region": "浦东",
        "name": "洋泾",
        "x": 121.553978,
        "y": 31.23074
    },
    {
        "city": "sh",
        "region": "浦东",
        "name": "张江",
        "x": 121.48941,
        "y": 31.40527
    },
    {
        "city": "sh",
        "region": "浦东",
        "name": "周浦",
        "x": 121.48941,
        "y": 31.40527
    },
    {
        "city": "sh",
        "region": "浦东",
        "name": "源深",
        "x": 121.535637,
        "y": 31.229139
    },
    {
        "city": "sh",
        "region": "浦东",
        "name": "杨东",
        "x": 121.48941,
        "y": 31.40527
    },
    {
        "city": "sh",
        "region": "浦东",
        "name": "万祥镇",
        "x": 121.815559,
        "y": 30.972801
    },
    {
        "city": "sh",
        "region": "浦东",
        "name": "宣桥",
        "x": 121.700287,
        "y": 31.01088
    },
    {
        "city": "sh",
        "region": "浦东",
        "name": "外高桥",
        "x": 121.605133,
        "y": 31.313511
    },
    {
        "city": "sh",
        "region": "浦东",
        "name": "新场",
        "x": 121.638657,
        "y": 31.031229
    },
    {
        "city": "sh",
        "region": "浦东",
        "name": "御桥",
        "x": 121.54409,
        "y": 31.22114
    },
    {
        "city": "sh",
        "region": "浦东",
        "name": "杨思前滩",
        "x": 121.484901,
        "y": 31.157824
    },
    {
        "city": "sh",
        "region": "浦东",
        "name": "唐镇",
        "x": 121.645119,
        "y": 31.213001
    },
    {
        "city": "sh",
        "region": "浦东",
        "name": "潍坊",
        "x": 121.720078,
        "y": 31.273804
    },
    {
        "city": "sh",
        "region": "浦东",
        "name": "书院镇",
        "x": 121.871109,
        "y": 30.982401
    },
    {
        "city": "sh",
        "region": "浦东",
        "name": "泥城镇",
        "x": 121.830811,
        "y": 30.903982
    },
    {
        "city": "sh",
        "region": "浦东",
        "name": "塘桥",
        "x": 121.52495,
        "y": 31.21476
    },
    {
        "city": "sh",
        "region": "浦东",
        "name": "世博",
        "x": 121.481934,
        "y": 31.1947
    },
    {
        "city": "sh",
        "region": "浦东",
        "name": "梅园",
        "x": 121.528862,
        "y": 31.23241
    },
    {
        "city": "sh",
        "region": "浦东",
        "name": "南码头",
        "x": 121.48941,
        "y": 31.40527
    },
    {
        "city": "sh",
        "region": "浦东",
        "name": "三林",
        "x": 121.5205,
        "y": 31.1467
    },
    {
        "city": "sh",
        "region": "浦东",
        "name": "联洋",
        "x": 121.48941,
        "y": 31.40527
    },
    {
        "city": "sh",
        "region": "浦东",
        "name": "临港新城",
        "x": 121.849693,
        "y": 30.868601
    },
    {
        "city": "sh",
        "region": "浦东",
        "name": "陆家嘴",
        "x": 121.524673,
        "y": 31.229151
    },
    {
        "city": "sh",
        "region": "浦东",
        "name": "惠南",
        "x": 121.734634,
        "y": 31.15937
    },
    {
        "city": "sh",
        "region": "浦东",
        "name": "航头",
        "x": 121.596573,
        "y": 31.077475
    },
    {
        "city": "sh",
        "region": "浦东",
        "name": "康桥",
        "x": 121.610039,
        "y": 31.098812
    },
    {
        "city": "sh",
        "region": "浦东",
        "name": "金杨",
        "x": 121.54409,
        "y": 31.22114
    },
    {
        "city": "sh",
        "region": "浦东",
        "name": "金桥",
        "x": 121.905571,
        "y": 30.954231
    },
    {
        "city": "sh",
        "region": "浦东",
        "name": "花木",
        "x": 121.548157,
        "y": 31.194599
    },
    {
        "city": "sh",
        "region": "浦东",
        "name": "合庆",
        "x": 121.717857,
        "y": 31.244165
    },
    {
        "city": "sh",
        "region": "浦东",
        "name": "大团镇",
        "x": 121.737389,
        "y": 30.966202
    },
    {
        "city": "sh",
        "region": "浦东",
        "name": "碧云",
        "x": 121.58316,
        "y": 31.232927
    },
    {
        "city": "sh",
        "region": "虹口",
        "name": "曲阳",
        "x": 121.490898,
        "y": 31.277418
    },
    {
        "city": "sh",
        "region": "浦东",
        "name": "川沙",
        "x": 121.48941,
        "y": 31.40527
    },
    {
        "city": "sh",
        "region": "浦东",
        "name": "高行",
        "x": 121.48941,
        "y": 31.40527
    },
    {
        "city": "sh",
        "region": "虹口",
        "name": "临平路",
        "x": 121.497566,
        "y": 31.26137
    },
    {
        "city": "sh",
        "region": "浦东",
        "name": "曹路",
        "x": 121.54409,
        "y": 31.22114
    },
    {
        "city": "sh",
        "region": "虹口",
        "name": "凉城",
        "x": 121.50515,
        "y": 31.26451
    },
    {
        "city": "sh",
        "region": "黄浦",
        "name": "豫园",
        "x": 121.483337,
        "y": 31.22559
    },
    {
        "city": "sh",
        "region": "虹口",
        "name": "鲁迅公园",
        "x": 121.483231,
        "y": 31.27174
    },
    {
        "city": "sh",
        "region": "黄浦",
        "name": "五里桥",
        "x": 121.480698,
        "y": 31.20182
    },
    {
        "city": "sh",
        "region": "黄浦",
        "name": "人民广场",
        "x": 121.472412,
        "y": 31.230053
    },
    {
        "city": "sh",
        "region": "黄浦",
        "name": "新天地",
        "x": 121.476471,
        "y": 31.217201
    },
    {
        "city": "sh",
        "region": "黄浦",
        "name": "世博滨江",
        "x": 121.492897,
        "y": 31.202774
    },
    {
        "city": "sh",
        "region": "虹口",
        "name": "江湾镇",
        "x": 121.481041,
        "y": 31.304384
    },
    {
        "city": "sh",
        "region": "黄浦",
        "name": "蓬莱公园",
        "x": 121.4916,
        "y": 31.206079
    },
    {
        "city": "sh",
        "region": "黄浦",
        "name": "董家渡",
        "x": 121.501648,
        "y": 31.214352
    },
    {
        "city": "sh",
        "region": "黄浦",
        "name": "老西门",
        "x": 121.48461,
        "y": 31.23162
    },
    {
        "city": "sh",
        "region": "黄浦",
        "name": "南京东路",
        "x": 121.484909,
        "y": 31.23761
    },
    {
        "city": "sh",
        "region": "黄浦",
        "name": "黄浦滨江",
        "x": 121.504379,
        "y": 31.214104
    },
    {
        "city": "sh",
        "region": "普陀",
        "name": "中远两湾城",
        "x": 121.4422,
        "y": 31.252251
    },
    {
        "city": "sh",
        "region": "黄浦",
        "name": "淮海中路",
        "x": 121.449989,
        "y": 31.21287
    },
    {
        "city": "sh",
        "region": "普陀",
        "name": "真如",
        "x": 121.397,
        "y": 31.2494
    },
    {
        "city": "sh",
        "region": "普陀",
        "name": "真光",
        "x": 121.38932,
        "y": 31.25095
    },
    {
        "city": "sh",
        "region": "普陀",
        "name": "万里",
        "x": 121.397,
        "y": 31.2494
    },
    {
        "city": "sh",
        "region": "普陀",
        "name": "武宁",
        "x": 121.397,
        "y": 31.2494
    },
    {
        "city": "sh",
        "region": "普陀",
        "name": "光新",
        "x": 121.397,
        "y": 31.2494
    },
    {
        "city": "sh",
        "region": "普陀",
        "name": "长征",
        "x": 121.070435,
        "y": 30.900093
    },
    {
        "city": "sh",
        "region": "普陀",
        "name": "桃浦",
        "x": 121.347916,
        "y": 31.277399
    },
    {
        "city": "sh",
        "region": "普陀",
        "name": "甘泉宜川",
        "x": 121.397,
        "y": 31.2494
    },
    {
        "city": "sh",
        "region": "普陀",
        "name": "曹杨",
        "x": 121.410301,
        "y": 31.245689
    },
    {
        "city": "sh",
        "region": "普陀",
        "name": "长风",
        "x": 121.401749,
        "y": 31.232468
    },
    {
        "city": "sh",
        "region": "宝山",
        "name": "通河",
        "x": 121.48941,
        "y": 31.40527
    },
    {
        "city": "sh",
        "region": "宝山",
        "name": "张庙",
        "x": 121.442741,
        "y": 31.341898
    },
    {
        "city": "sh",
        "region": "宝山",
        "name": "月浦",
        "x": 121.435593,
        "y": 31.411242
    },
    {
        "city": "sh",
        "region": "宝山",
        "name": "杨行",
        "x": 121.48941,
        "y": 31.40527
    },
    {
        "city": "sh",
        "region": "宝山",
        "name": "上大",
        "x": 121.48941,
        "y": 31.40527
    },
    {
        "city": "sh",
        "region": "宝山",
        "name": "淞南",
        "x": 121.48941,
        "y": 31.40527
    },
    {
        "city": "sh",
        "region": "宝山",
        "name": "淞宝",
        "x": 121.48941,
        "y": 31.40527
    },
    {
        "city": "sh",
        "region": "宝山",
        "name": "罗泾",
        "x": 121.335251,
        "y": 31.483311
    },
    {
        "city": "sh",
        "region": "宝山",
        "name": "罗店",
        "x": 121.350906,
        "y": 31.412729
    },
    {
        "city": "sh",
        "region": "宝山",
        "name": "高境",
        "x": 121.495506,
        "y": 31.318439
    },
    {
        "city": "sh",
        "region": "宝山",
        "name": "大场镇",
        "x": 121.416512,
        "y": 31.286797
    },
    {
        "city": "sh",
        "region": "宝山",
        "name": "共富",
        "x": 121.48941,
        "y": 31.40527
    },
    {
        "city": "sh",
        "region": "宝山",
        "name": "共康",
        "x": 121.438286,
        "y": 31.340345
    },
    {
        "city": "sh",
        "region": "长宁",
        "name": "北新泾",
        "x": 121.372696,
        "y": 31.216543
    },
    {
        "city": "sh",
        "region": "宝山",
        "name": "顾村",
        "x": 121.368462,
        "y": 31.350182
    },
    {
        "city": "sh",
        "region": "浦东",
        "name": "北蔡",
        "x": 121.555176,
        "y": 31.173717
    },
    {
        "city": "sh",
        "region": "杨浦",
        "name": "控江路",
        "x": 121.524521,
        "y": 31.276751
    },
    {
        "city": "sh",
        "region": "杨浦",
        "name": "黄兴公园",
        "x": 121.529991,
        "y": 31.29327
    },
    {
        "city": "sh",
        "region": "杨浦",
        "name": "五角场",
        "x": 121.546089,
        "y": 31.312721
    },
    {
        "city": "sh",
        "region": "杨浦",
        "name": "新江湾城",
        "x": 121.515892,
        "y": 31.327183
    },
    {
        "city": "sh",
        "region": "杨浦",
        "name": "中原",
        "x": 121.52609,
        "y": 31.25956
    },
    {
        "city": "sh",
        "region": "杨浦",
        "name": "周家嘴路",
        "x": 121.512482,
        "y": 31.264
    },
    {
        "city": "sh",
        "region": "虹口",
        "name": "北外滩",
        "x": 121.491119,
        "y": 31.235172
    },
    {
        "city": "sh",
        "region": "杨浦",
        "name": "东外滩",
        "x": 121.561684,
        "y": 31.288019
    },
    {
        "city": "sh",
        "region": "徐汇",
        "name": "植物园",
        "x": 121.43687,
        "y": 31.18826
    },
    {
        "city": "sh",
        "region": "普陀",
        "name": "长寿路",
        "x": 121.438599,
        "y": 31.24107
    },
    {
        "city": "sh",
        "region": "黄浦",
        "name": "打浦桥",
        "x": 121.471352,
        "y": 31.205509
    },
    {
        "city": "sh",
        "region": "徐汇",
        "name": "徐家汇",
        "x": 121.442451,
        "y": 31.19766
    },
    {
        "city": "sh",
        "region": "徐汇",
        "name": "徐汇滨江",
        "x": 121.43687,
        "y": 31.18826
    },
    {
        "city": "sh",
        "region": "杨浦",
        "name": "鞍山",
        "x": 121.52609,
        "y": 31.25956
    },
    {
        "city": "sh",
        "region": "宝山",
        "name": "大华",
        "x": 121.48941,
        "y": 31.40527
    },
    {
        "city": "sh",
        "region": "徐汇",
        "name": "斜土路",
        "x": 121.452499,
        "y": 31.19446
    },
    {
        "city": "sh",
        "region": "徐汇",
        "name": "万体馆",
        "x": 121.434387,
        "y": 31.171404
    },
    {
        "city": "sh",
        "region": "徐汇",
        "name": "建国西路",
        "x": 121.45079,
        "y": 31.20289
    },
    {
        "city": "sh",
        "region": "徐汇",
        "name": "上海南站",
        "x": 121.430649,
        "y": 31.15344
    },
    {
        "city": "sh",
        "region": "徐汇",
        "name": "华东理工",
        "x": 121.424149,
        "y": 31.14336
    },
    {
        "city": "sh",
        "region": "徐汇",
        "name": "田林",
        "x": 121.43687,
        "y": 31.18826
    },
    {
        "city": "sh",
        "region": "徐汇",
        "name": "龙华",
        "x": 121.43687,
        "y": 31.18826
    },
    {
        "city": "sh",
        "region": "徐汇",
        "name": "衡山路",
        "x": 121.439041,
        "y": 31.194771
    },
    {
        "city": "sh",
        "region": "徐汇",
        "name": "华泾",
        "x": 121.43687,
        "y": 31.18826
    },
    {
        "city": "sh",
        "region": "徐汇",
        "name": "康健",
        "x": 121.43687,
        "y": 31.18826
    },
    {
        "city": "sh",
        "region": "闵行",
        "name": "马桥",
        "x": 121.38206,
        "y": 31.11325
    },
    {
        "city": "sh",
        "region": "徐汇",
        "name": "漕河泾",
        "x": 121.418068,
        "y": 31.166161
    },
    {
        "city": "sh",
        "region": "闵行",
        "name": "闵浦",
        "x": 121.424545,
        "y": 31.112436
    },
    {
        "city": "sh",
        "region": "闵行",
        "name": "老闵行",
        "x": 121.428322,
        "y": 31.000702
    },
    {
        "city": "sh",
        "region": "闵行",
        "name": "龙柏",
        "x": 121.369102,
        "y": 31.17514
    },
    {
        "city": "sh",
        "region": "闵行",
        "name": "静安新城",
        "x": 121.383453,
        "y": 31.1595
    },
    {
        "city": "sh",
        "region": "闵行",
        "name": "华漕",
        "x": 121.328667,
        "y": 31.226849
    },
    {
        "city": "sh",
        "region": "闵行",
        "name": "航华",
        "x": 121.353485,
        "y": 31.172771
    },
    {
        "city": "sh",
        "region": "闵行",
        "name": "金虹桥",
        "x": 121.409531,
        "y": 31.187519
    },
    {
        "city": "sh",
        "region": "闵行",
        "name": "金汇",
        "x": 121.38206,
        "y": 31.11325
    },
    {
        "city": "sh",
        "region": "闵行",
        "name": "春申",
        "x": 121.38916,
        "y": 31.105652
    },
    {
        "city": "sh",
        "region": "闵行",
        "name": "古美",
        "x": 121.39975,
        "y": 31.15888
    },
    {
        "city": "sh",
        "region": "嘉定",
        "name": "徐行",
        "x": 121.274261,
        "y": 31.419411
    },
    {
        "city": "sh",
        "region": "嘉定",
        "name": "新成路",
        "x": 121.264122,
        "y": 31.392179
    },
    {
        "city": "sh",
        "region": "嘉定",
        "name": "马陆",
        "x": 121.274834,
        "y": 31.346966
    },
    {
        "city": "sh",
        "region": "嘉定",
        "name": "外冈",
        "x": 121.172638,
        "y": 31.358232
    },
    {
        "city": "sh",
        "region": "嘉定",
        "name": "太仓",
        "x": 121.26621,
        "y": 31.37482
    },
    {
        "city": "sh",
        "region": "嘉定",
        "name": "南翔",
        "x": 121.308098,
        "y": 31.290932
    },
    {
        "city": "sh",
        "region": "嘉定",
        "name": "江桥",
        "x": 121.26621,
        "y": 31.37482
    },
    {
        "city": "sh",
        "region": "嘉定",
        "name": "菊园新区",
        "x": 121.245453,
        "y": 31.392771
    },
    {
        "city": "sh",
        "region": "嘉定",
        "name": "嘉定新城",
        "x": 121.253998,
        "y": 31.332376
    },
    {
        "city": "sh",
        "region": "嘉定",
        "name": "嘉定老城",
        "x": 121.26621,
        "y": 31.37482
    },
    {
        "city": "sh",
        "region": "静安",
        "name": "闸北公园",
        "x": 121.460121,
        "y": 31.270407
    },
    {
        "city": "sh",
        "region": "嘉定",
        "name": "丰庄",
        "x": 121.36216,
        "y": 31.243856
    },
    {
        "city": "sh",
        "region": "静安",
        "name": "西藏北路",
        "x": 121.470703,
        "y": 31.246861
    },
    {
        "city": "sh",
        "region": "静安",
        "name": "阳城",
        "x": 121.45591,
        "y": 31.22352
    },
    {
        "city": "sh",
        "region": "静安",
        "name": "永和",
        "x": 121.45591,
        "y": 31.22352
    },
    {
        "city": "sh",
        "region": "静安",
        "name": "江宁路",
        "x": 121.443581,
        "y": 31.243971
    },
    {
        "city": "sh",
        "region": "静安",
        "name": "彭浦",
        "x": 121.450478,
        "y": 31.306581
    },
    {
        "city": "sh",
        "region": "静安",
        "name": "南京西路",
        "x": 121.457901,
        "y": 31.228979
    },
    {
        "city": "sh",
        "region": "静安",
        "name": "静安寺",
        "x": 121.446404,
        "y": 31.22319
    },
    {
        "city": "sh",
        "region": "静安",
        "name": "曹家渡",
        "x": 121.430824,
        "y": 31.228905
    },
    {
        "city": "sh",
        "region": "松江",
        "name": "叶榭",
        "x": 121.320732,
        "y": 30.948742
    },
    {
        "city": "sh",
        "region": "静安",
        "name": "大宁",
        "x": 121.45591,
        "y": 31.22352
    },
    {
        "city": "sh",
        "region": "松江",
        "name": "小昆山",
        "x": 121.130554,
        "y": 31.031111
    },
    {
        "city": "sh",
        "region": "松江",
        "name": "新桥",
        "x": 121.48941,
        "y": 31.40527
    },
    {
        "city": "sh",
        "region": "松江",
        "name": "泗泾",
        "x": 121.292778,
        "y": 31.104931
    },
    {
        "city": "sh",
        "region": "松江",
        "name": "佘山",
        "x": 121.48941,
        "y": 31.40527
    },
    {
        "city": "sh",
        "region": "松江",
        "name": "松江大学城",
        "x": 121.196938,
        "y": 31.04961
    },
    {
        "city": "sh",
        "region": "松江",
        "name": "松江新城",
        "x": 121.212303,
        "y": 31.036591
    },
    {
        "city": "sh",
        "region": "松江",
        "name": "莘闵别墅",
        "x": 121.328751,
        "y": 31.074286
    },
    {
        "city": "sh",
        "region": "松江",
        "name": "洞泾",
        "x": 121.48941,
        "y": 31.40527
    },
    {
        "city": "sh",
        "region": "松江",
        "name": "九亭",
        "x": 121.287163,
        "y": 31.144501
    },
    {
        "city": "sh",
        "region": "金山",
        "name": "金山",
        "x": 121.334686,
        "y": 30.86924
    },
    {
        "city": "sh",
        "region": "嘉定",
        "name": "安亭",
        "x": 121.158485,
        "y": 31.314375
    },
    {
        "city": "sh",
        "region": "松江",
        "name": "车墩",
        "x": 121.311371,
        "y": 31.014172
    },
    {
        "city": "sh",
        "region": "青浦",
        "name": "朱家角",
        "x": 121.06163,
        "y": 31.107983
    },
    {
        "city": "sh",
        "region": "静安",
        "name": "不夜城",
        "x": 121.482658,
        "y": 31.243586
    },
    {
        "city": "sh",
        "region": "青浦",
        "name": "香花桥",
        "x": 121.174492,
        "y": 31.238462
    },
    {
        "city": "sh",
        "region": "青浦",
        "name": "赵巷",
        "x": 121.48941,
        "y": 31.40527
    },
    {
        "city": "sh",
        "region": "青浦",
        "name": "盈浦",
        "x": 121.12426,
        "y": 31.14979
    },
    {
        "city": "sh",
        "region": "青浦",
        "name": "夏阳",
        "x": 121.12426,
        "y": 31.14979
    },
    {
        "city": "sh",
        "region": "青浦",
        "name": "徐泾",
        "x": 121.12426,
        "y": 31.14979
    },
    {
        "city": "sh",
        "region": "青浦",
        "name": "金泽",
        "x": 120.923439,
        "y": 31.116888
    },
    {
        "city": "sh",
        "region": "青浦",
        "name": "重固",
        "x": 121.183884,
        "y": 31.200451
    },
    {
        "city": "sh",
        "region": "青浦",
        "name": "华新",
        "x": 121.416885,
        "y": 31.199024
    },
    {
        "city": "sh",
        "region": "奉贤",
        "name": "西渡",
        "x": 121.4741,
        "y": 30.91803
    },
    {
        "city": "sh",
        "region": "奉贤",
        "name": "柘林",
        "x": 121.475952,
        "y": 30.834942
    },
    {
        "city": "sh",
        "region": "奉贤",
        "name": "四团",
        "x": 121.463188,
        "y": 30.918705
    },
    {
        "city": "sh",
        "region": "奉贤",
        "name": "青村",
        "x": 121.57531,
        "y": 30.92532
    },
    {
        "city": "sh",
        "region": "奉贤",
        "name": "南桥",
        "x": 121.4664,
        "y": 30.920971
    },
    {
        "city": "sh",
        "region": "奉贤",
        "name": "海湾",
        "x": 121.4741,
        "y": 30.91803
    },
    {
        "city": "sh",
        "region": "青浦",
        "name": "白鹤",
        "x": 121.136261,
        "y": 31.258821
    },
    {
        "city": "sh",
        "region": "奉贤",
        "name": "奉贤金汇",
        "x": 121.4741,
        "y": 30.91803
    }
]