[
    {
        "city": "gz",
        "region": "南沙",
        "name": "东涌",
        "url": "https://gz.lianjia.com/zufang/dongyong/",
        "total": 8,
        "pages": 1
    },
    {
        "city": "gz",
        "region": "花都",
        "name": "秀全街",
        "url": "https://gz.lianjia.com/zufang/xiuquanjie/",
        "total": 174,
        "pages": 6
    },
    {
        "city": "gz",
        "region": "花都",
        "name": "新区",
        "url": "https://gz.lianjia.com/zufang/xinqu1/",
        "total": 809,
        "pages": 27
    },
    {
        "city": "gz",
        "region": "天河",
        "name": "岑村",
        "url": "https://gz.lianjia.com/zufang/cencun/",
        "total": 105,
        "pages": 4
    },
    {
        "city": "gz",
        "region": "花都",
        "name": "北兴镇",
        "url": "https://gz.lianjia.com/zufang/beixingzhen/",
        "total": 50,
        "pages": 2
    },
    {
        "city": "gz",
        "region": "花都",
        "name": "炭步",
        "url": "https://gz.lianjia.com/zufang/tanbu/",
        "total": 13,
        "pages": 1
    },
    {
        "city": "gz",
        "region": "从化",
        "name": "鳌头镇",
        "url": "https://gz.lianjia.com/zufang/aotouzhen/",
        "total": 12,
        "pages": 1
    },
    {
        "city": "gz",
        "region": "花都",
        "name": "山前大道",
        "url": "https://gz.lianjia.com/zufang/shanqiandadao/",
        "total": 3,
        "pages": 1
    },
    {
        "city": "gz",
        "region": "花都",
        "name": "铁路西",
        "url": "https://gz.lianjia.com/zufang/tieluxi/",
        "total": 565,
        "pages": 19
    },
    {
        "city": "gz",
        "region": "花都",
        "name": "狮岭镇",
        "url": "https://gz.lianjia.com/zufang/shilingzhen/",
        "total": 322,
        "pages": 11
    },
    {
        "city": "gz",
        "region": "花都",
        "name": "旧区",
        "url": "https://gz.lianjia.com/zufang/jiuqu/",
        "total": 908,
        "pages": 31
    },
    {
        "city": "gz",
        "region": "增城",
        "name": "白江",
        "url": "https://gz.lianjia.com/zufang/baijiang/",
        "total": 876,
        "pages": 30
    },
    {
        "city": "gz",
        "region": "白云",
        "name": "钟落潭",
        "url": "https://gz.lianjia.com/zufang/zhongluotan/",
        "total": 14,
        "pages": 1
    },
    {
        "city": "gz",
        "region": "白云",
        "name": "元下田",
        "url": "https://gz.lianjia.com/zufang/yuanxiatian/",
        "total": 147,
        "pages": 5
    },
    {
        "city": "gz",
        "region": "白云",
        "name": "永泰",
        "url": "https://gz.lianjia.com/zufang/yongtai/",
        "total": 126,
        "pages": 5
    },
    {
        "city": "gz",
        "region": "白云",
        "name": "夏茅",
        "url": "https://gz.lianjia.com/zufang/xiamao/",
        "total": 203,
        "pages": 7
    },
    {
        "city": "gz",
        "region": "白云",
        "name": "太和",
        "url": "https://gz.lianjia.com/zufang/taihe/",
        "total": 40,
        "pages": 2
    },
    {
        "city": "gz",
        "region": "白云",
        "name": "西村",
        "url": "https://gz.lianjia.com/zufang/xicun/",
        "total": 459,
        "pages": 16
    },
    {
        "city": "gz",
        "region": "白云",
        "name": "新市",
        "url": "https://gz.lianjia.com/zufang/xinshi/",
        "total": 852,
        "pages": 29
    },
    {
        "city": "gz",
        "region": "白云",
        "name": "同和",
        "url": "https://gz.lianjia.com/zufang/tonghe1/",
        "total": 734,
        "pages": 25
    },
    {
        "city": "gz",
        "region": "越秀",
        "name": "越秀南",
        "url": "https://gz.lianjia.com/zufang/yuexiunan/",
        "total": 281,
        "pages": 10
    },
    {
        "city": "gz",
        "region": "越秀",
        "name": "小北",
        "url": "https://gz.lianjia.com/zufang/xiaobei/",
        "total": 491,
        "pages": 17
    },
    {
        "city": "gz",
        "region": "越秀",
        "name": "淘金",
        "url": "https://gz.lianjia.com/zufang/taojin/",
        "total": 648,
        "pages": 22
    },
    {
        "city": "gz",
        "region": "越秀",
        "name": "盘福",
        "url": "https://gz.lianjia.com/zufang/panfu/",
        "total": 102,
        "pages": 4
    },
    {
        "city": "gz",
        "region": "越秀",
        "name": "建设路",
        "url": "https://gz.lianjia.com/zufang/jianshelu1/",
        "total": 470,
        "pages": 16
    },
    {
        "city": "gz",
        "region": "越秀",
        "name": "农讲所",
        "url": "https://gz.lianjia.com/zufang/nongjiangsuo/",
        "total": 317,
        "pages": 11
    },
    {
        "city": "gz",
        "region": "越秀",
        "name": "解放南",
        "url": "https://gz.lianjia.com/zufang/jiefangnan/",
        "total": 366,
        "pages": 13
    },
    {
        "city": "gz",
        "region": "越秀",
        "name": "公园前",
        "url": "https://gz.lianjia.com/zufang/gongyuanqian/",
        "total": 222,
        "pages": 8
    },
    {
        "city": "gz",
        "region": "越秀",
        "name": "解放北",
        "url": "https://gz.lianjia.com/zufang/jiefangbei/",
        "total": 70,
        "pages": 3
    },
    {
        "city": "gz",
        "region": "越秀",
        "name": "海珠广场",
        "url": "https://gz.lianjia.com/zufang/haizhuguangchang/",
        "total": 156,
        "pages": 6
    },
    {
        "city": "gz",
        "region": "越秀",
        "name": "东山口",
        "url": "https://gz.lianjia.com/zufang/dongshankou/",
        "total": 438,
        "pages": 15
    },
    {
        "city": "gz",
        "region": "荔湾",
        "name": "周门",
        "url": "https://gz.lianjia.com/zufang/zhoumen/",
        "total": 117,
        "pages": 4
    },
    {
        "city": "gz",
        "region": "荔湾",
        "name": "西华路",
        "url": "https://gz.lianjia.com/zufang/xihualu/",
        "total": 289,
        "pages": 10
    },
    {
        "city": "gz",
        "region": "越秀",
        "name": "东川路",
        "url": "https://gz.lianjia.com/zufang/dongchuanlu/",
        "total": 496,
        "pages": 17
    },
    {
        "city": "gz",
        "region": "越秀",
        "name": "东湖",
        "url": "https://gz.lianjia.com/zufang/donghu1/",
        "total": 165,
        "pages": 6
    },
    {
        "city": "gz",
        "region": "荔湾",
        "name": "西门口",
        "url": "https://gz.lianjia.com/zufang/ximenkou/",
        "total": 404,
        "pages": 14
    },
    {
        "city": "gz",
        "region": "荔湾",
        "name": "西朗",
        "url": "https://gz.lianjia.com/zufang/xilang/",
        "total": 52,
        "pages": 2
    },
    {
        "city": "gz",
        "region": "荔湾",
        "name": "中山八",
        "url": "https://gz.lianjia.com/zufang/zhongshanba1/",
        "total": 189,
        "pages": 7
    },
    {
        "city": "gz",
        "region": "荔湾",
        "name": "人民北",
        "url": "https://gz.lianjia.com/zufang/renminbei1/",
        "total": 12,
        "pages": 1
    },
    {
        "city": "gz",
        "region": "荔湾",
        "name": "沙面",
        "url": "https://gz.lianjia.com/zufang/shamian/",
        "total": 30,
        "pages": 1
    },
    {
        "city": "gz",
        "region": "荔湾",
        "name": "西场",
        "url": "https://gz.lianjia.com/zufang/xichang/",
        "total": 61,
        "pages": 3
    },
    {
        "city": "gz",
        "region": "荔湾",
        "name": "龙溪",
        "url": "https://gz.lianjia.com/zufang/longxi1/",
        "total": 83,
        "pages": 3
    },
    {
        "city": "gz",
        "region": "荔湾",
        "name": "南岸路",
        "url": "https://gz.lianjia.com/zufang/nananlu/",
        "total": 251,
        "pages": 9
    },
    {
        "city": "gz",
        "region": "荔湾",
        "name": "流花站前",
        "url": "https://gz.lianjia.com/zufang/liuhuazhanqian/",
        "total": 455,
        "pages": 16
    },
    {
        "city": "gz",
        "region": "荔湾",
        "name": "西关",
        "url": "https://gz.lianjia.com/zufang/xiguan/",
        "total": 513,
        "pages": 18
    },
    {
        "city": "gz",
        "region": "荔湾",
        "name": "人民路",
        "url": "https://gz.lianjia.com/zufang/renminlu/",
        "total": 170,
        "pages": 6
    },
    {
        "city": "gz",
        "region": "荔湾",
        "name": "菊树",
        "url": "https://gz.lianjia.com/zufang/jushu/",
        "total": 25,
        "pages": 1
    },
    {
        "city": "gz",
        "region": "荔湾",
        "name": "龙津",
        "url": "https://gz.lianjia.com/zufang/longjin/",
        "total": 612,
        "pages": 21
    },
    {
        "city": "gz",
        "region": "荔湾",
        "name": "坑口",
        "url": "https://gz.lianjia.com/zufang/kengkou/",
        "total": 210,
        "pages": 7
    },
    {
        "city": "gz",
        "region": "荔湾",
        "name": "滘口",
        "url": "https://gz.lianjia.com/zufang/jiaokou1/",
        "total": 415,
        "pages": 14
    },
    {
        "city": "gz",
        "region": "荔湾",
        "name": "花地湾",
        "url": "https://gz.lianjia.com/zufang/huadiwan/",
        "total": 158,
        "pages": 6
    },
    {
        "city": "gz",
        "region": "荔湾",
        "name": "鹤洞",
        "url": "https://gz.lianjia.com/zufang/hedong1/",
        "total": 305,
        "pages": 11
    },
    {
        "city": "gz",
        "region": "荔湾",
        "name": "黄沙",
        "url": "https://gz.lianjia.com/zufang/huangsha/",
        "total": 173,
        "pages": 6
    },
    {
        "city": "gz",
        "region": "荔湾",
        "name": "和平西",
        "url": "https://gz.lianjia.com/zufang/hepingxi/",
        "total": 174,
        "pages": 6
    },
    {
        "city": "gz",
        "region": "荔湾",
        "name": "广钢新城",
        "url": "https://gz.lianjia.com/zufang/guanggangxincheng/",
        "total": 581,
        "pages": 20
    },
    {
        "city": "gz",
        "region": "荔湾",
        "name": "芳村",
        "url": "https://gz.lianjia.com/zufang/fangcun/",
        "total": 315,
        "pages": 11
    },
    {
        "city": "gz",
        "region": "荔湾",
        "name": "东塱",
        "url": "https://gz.lianjia.com/zufang/donglang/",
        "total": 280,
        "pages": 10
    },
    {
        "city": "gz",
        "region": "荔湾",
        "name": "汾水",
        "url": "https://gz.lianjia.com/zufang/fenshui/",
        "total": 113,
        "pages": 4
    },
    {
        "city": "gz",
        "region": "荔湾",
        "name": "东风西",
        "url": "https://gz.lianjia.com/zufang/dongfengxi/",
        "total": 118,
        "pages": 4
    },
    {
        "city": "gz",
        "region": "荔湾",
        "name": "茶滘",
        "url": "https://gz.lianjia.com/zufang/chajiao/",
        "total": 82,
        "pages": 3
    },
    {
        "city": "gz",
        "region": "海珠",
        "name": "中大",
        "url": "https://gz.lianjia.com/zufang/zhongda/",
        "total": 210,
        "pages": 7
    },
    {
        "city": "gz",
        "region": "越秀",
        "name": "北京路",
        "url": "https://gz.lianjia.com/zufang/beijinglu/",
        "total": 459,
        "pages": 16
    },
    {
        "city": "gz",
        "region": "荔湾",
        "name": "大坦沙",
        "url": "https://gz.lianjia.com/zufang/datansha/",
        "total": 234,
        "pages": 8
    },
    {
        "city": "gz",
        "region": "海珠",
        "name": "同福",
        "url": "https://gz.lianjia.com/zufang/tongfu/",
        "total": 261,
        "pages": 9
    },
    {
        "city": "gz",
        "region": "海珠",
        "name": "新港西",
        "url": "https://gz.lianjia.com/zufang/xingangxi/",
        "total": 506,
        "pages": 17
    },
    {
        "city": "gz",
        "region": "海珠",
        "name": "琶洲中",
        "url": "https://gz.lianjia.com/zufang/pazhouzhong/",
        "total": 99,
        "pages": 4
    },
    {
        "city": "gz",
        "region": "海珠",
        "name": "沙园",
        "url": "https://gz.lianjia.com/zufang/shayuan/",
        "total": 119,
        "pages": 4
    },
    {
        "city": "gz",
        "region": "海珠",
        "name": "万胜围",
        "url": "https://gz.lianjia.com/zufang/wanshengwei/",
        "total": 952,
        "pages": 32
    },
    {
        "city": "gz",
        "region": "海珠",
        "name": "前进路",
        "url": "https://gz.lianjia.com/zufang/qianjinlu/",
        "total": 379,
        "pages": 13
    },
    {
        "city": "gz",
        "region": "海珠",
        "name": "南洲",
        "url": "https://gz.lianjia.com/zufang/nanzhou/",
        "total": 153,
        "pages": 6
    },
    {
        "city": "gz",
        "region": "海珠",
        "name": "沥滘",
        "url": "https://gz.lianjia.com/zufang/lijiao/",
        "total": 60,
        "pages": 2
    },
    {
        "city": "gz",
        "region": "海珠",
        "name": "磨碟沙",
        "url": "https://gz.lianjia.com/zufang/modiesha/",
        "total": 248,
        "pages": 9
    },
    {
        "city": "gz",
        "region": "海珠",
        "name": "江南西",
        "url": "https://gz.lianjia.com/zufang/jiangnanxi/",
        "total": 185,
        "pages": 7
    },
    {
        "city": "gz",
        "region": "海珠",
        "name": "金碧",
        "url": "https://gz.lianjia.com/zufang/jinbi/",
        "total": 473,
        "pages": 16
    },
    {
        "city": "gz",
        "region": "海珠",
        "name": "客村",
        "url": "https://gz.lianjia.com/zufang/kecun/",
        "total": 259,
        "pages": 9
    },
    {
        "city": "gz",
        "region": "海珠",
        "name": "江南大道中",
        "url": "https://gz.lianjia.com/zufang/jiangnandadaozhong/",
        "total": 244,
        "pages": 9
    },
    {
        "city": "gz",
        "region": "海珠",
        "name": "江燕路",
        "url": "https://gz.lianjia.com/zufang/jiangyanlu/",
        "total": 395,
        "pages": 14
    },
    {
        "city": "gz",
        "region": "海珠",
        "name": "黄埔村",
        "url": "https://gz.lianjia.com/zufang/huangpucun/",
        "total": 12,
        "pages": 1
    },
    {
        "city": "gz",
        "region": "海珠",
        "name": "洪德",
        "url": "https://gz.lianjia.com/zufang/hongde/",
        "total": 89,
        "pages": 3
    },
    {
        "city": "gz",
        "region": "海珠",
        "name": "工业大道北",
        "url": "https://gz.lianjia.com/zufang/gongyedadaobei/",
        "total": 476,
        "pages": 16
    },
    {
        "city": "gz",
        "region": "海珠",
        "name": "工业大道南",
        "url": "https://gz.lianjia.com/zufang/gongyedadaonan/",
        "total": 101,
        "pages": 4
    },
    {
        "city": "gz",
        "region": "海珠",
        "name": "广州大道南",
        "url": "https://gz.lianjia.com/zufang/guangzhoudadaonan/",
        "total": 561,
        "pages": 19
    },
    {
        "city": "gz",
        "region": "海珠",
        "name": "东晓路",
        "url": "https://gz.lianjia.com/zufang/dongxiaolu/",
        "total": 143,
        "pages": 5
    },
    {
        "city": "gz",
        "region": "海珠",
        "name": "昌岗",
        "url": "https://gz.lianjia.com/zufang/changgang1/",
        "total": 535,
        "pages": 18
    },
    {
        "city": "gz",
        "region": "海珠",
        "name": "东晓南",
        "url": "https://gz.lianjia.com/zufang/dongxiaonan/",
        "total": 610,
        "pages": 21
    },
    {
        "city": "gz",
        "region": "海珠",
        "name": "工业大道中",
        "url": "https://gz.lianjia.com/zufang/gongyedadaozhong/",
        "total": 687,
        "pages": 23
    },
    {
        "city": "gz",
        "region": "海珠",
        "name": "滨江西",
        "url": "https://gz.lianjia.com/zufang/binjiangxi/",
        "total": 41,
        "pages": 2
    },
    {
        "city": "gz",
        "region": "海珠",
        "name": "滨江东",
        "url": "https://gz.lianjia.com/zufang/binjiangdong/",
        "total": 1108,
        "pages": 37
    },
    {
        "city": "gz",
        "region": "海珠",
        "name": "赤岗",
        "url": "https://gz.lianjia.com/zufang/chigang/",
        "total": 892,
        "pages": 30
    },
    {
        "city": "gz",
        "region": "荔湾",
        "name": "陈家祠",
        "url": "https://gz.lianjia.com/zufang/chenjiaci/",
        "total": 80,
        "pages": 3
    },
    {
        "city": "gz",
        "region": "海珠",
        "name": "滨江中",
        "url": "https://gz.lianjia.com/zufang/binjiangzhong/",
        "total": 368,
        "pages": 13
    },
    {
        "city": "gz",
        "region": "白云",
        "name": "同德围",
        "url": "https://gz.lianjia.com/zufang/tongdewei/",
        "total": 289,
        "pages": 10
    },
    {
        "city": "gz",
        "region": "海珠",
        "name": "宝岗",
        "url": "https://gz.lianjia.com/zufang/baogang/",
        "total": 298,
        "pages": 10
    },
    {
        "city": "gz",
        "region": "白云",
        "name": "人和",
        "url": "https://gz.lianjia.com/zufang/renhe1/",
        "total": 229,
        "pages": 8
    },
    {
        "city": "gz",
        "region": "白云",
        "name": "石井",
        "url": "https://gz.lianjia.com/zufang/shijing/",
        "total": 353,
        "pages": 12
    },
    {
        "city": "gz",
        "region": "白云",
        "name": "三元里",
        "url": "https://gz.lianjia.com/zufang/sanyuanli/",
        "total": 140,
        "pages": 5
    },
    {
        "city": "gz",
        "region": "白云",
        "name": "南湖",
        "url": "https://gz.lianjia.com/zufang/nanhu5/",
        "total": 498,
        "pages": 17
    },
    {
        "city": "gz",
        "region": "白云",
        "name": "麓景",
        "url": "https://gz.lianjia.com/zufang/lujing/",
        "total": 323,
        "pages": 11
    },
    {
        "city": "gz",
        "region": "白云",
        "name": "江高镇",
        "url": "https://gz.lianjia.com/zufang/jianggaozhen/",
        "total": 7,
        "pages": 1
    },
    {
        "city": "gz",
        "region": "白云",
        "name": "罗冲围",
        "url": "https://gz.lianjia.com/zufang/luochongwei/",
        "total": 518,
        "pages": 18
    },
    {
        "city": "gz",
        "region": "白云",
        "name": "马务",
        "url": "https://gz.lianjia.com/zufang/mawu/",
        "total": 185,
        "pages": 7
    },
    {
        "city": "gz",
        "region": "白云",
        "name": "龙归",
        "url": "https://gz.lianjia.com/zufang/longgui/",
        "total": 112,
        "pages": 4
    },
    {
        "city": "gz",
        "region": "白云",
        "name": "嘉禾望岗",
        "url": "https://gz.lianjia.com/zufang/jiahewanggang/",
        "total": 557,
        "pages": 19
    },
    {
        "city": "gz",
        "region": "白云",
        "name": "京溪",
        "url": "https://gz.lianjia.com/zufang/jingxi1/",
        "total": 465,
        "pages": 16
    },
    {
        "city": "gz",
        "region": "白云",
        "name": "江夏",
        "url": "https://gz.lianjia.com/zufang/jiangxia1/",
        "total": 145,
        "pages": 5
    },
    {
        "city": "gz",
        "region": "白云",
        "name": "桂花岗",
        "url": "https://gz.lianjia.com/zufang/guihuagang/",
        "total": 408,
        "pages": 14
    },
    {
        "city": "gz",
        "region": "白云",
        "name": "黄石",
        "url": "https://gz.lianjia.com/zufang/huangshi/",
        "total": 804,
        "pages": 27
    },
    {
        "city": "gz",
        "region": "白云",
        "name": "景泰",
        "url": "https://gz.lianjia.com/zufang/jingtai/",
        "total": 664,
        "pages": 23
    },
    {
        "city": "gz",
        "region": "白云",
        "name": "金沙洲",
        "url": "https://gz.lianjia.com/zufang/jinshazhou/",
        "total": 2213,
        "pages": 74
    },
    {
        "city": "gz",
        "region": "白云",
        "name": "机场路",
        "url": "https://gz.lianjia.com/zufang/jichanglu/",
        "total": 1067,
        "pages": 36
    },
    {
        "city": "gz",
        "region": "白云",
        "name": "大金钟路",
        "url": "https://gz.lianjia.com/zufang/dajinzhonglu/",
        "total": 76,
        "pages": 3
    },
    {
        "city": "gz",
        "region": "白云",
        "name": "黄边",
        "url": "https://gz.lianjia.com/zufang/huangbian/",
        "total": 485,
        "pages": 17
    },
    {
        "city": "gz",
        "region": "白云",
        "name": "东平",
        "url": "https://gz.lianjia.com/zufang/dongping1/",
        "total": 56,
        "pages": 2
    },
    {
        "city": "gz",
        "region": "黄埔",
        "name": "开发西区",
        "url": "https://gz.lianjia.com/zufang/kaifaxiqu/",
        "total": 84,
        "pages": 3
    },
    {
        "city": "gz",
        "region": "黄埔",
        "name": "夏园",
        "url": "https://gz.lianjia.com/zufang/xiayuan1/",
        "total": 554,
        "pages": 19
    },
    {
        "city": "gz",
        "region": "白云",
        "name": "白云大道南",
        "url": "https://gz.lianjia.com/zufang/baiyundadaonan/",
        "total": 237,
        "pages": 8
    },
    {
        "city": "gz",
        "region": "黄埔",
        "name": "文冲",
        "url": "https://gz.lianjia.com/zufang/wenchong/",
        "total": 526,
        "pages": 18
    },
    {
        "city": "gz",
        "region": "番禺",
        "name": "亚运城",
        "url": "https://gz.lianjia.com/zufang/yayuncheng/",
        "total": 723,
        "pages": 25
    },
    {
        "city": "gz",
        "region": "番禺",
        "name": "亚运大道中",
        "url": "https://gz.lianjia.com/zufang/yayundadaozhong/",
        "total": 199,
        "pages": 7
    },
    {
        "city": "gz",
        "region": "番禺",
        "name": "钟村",
        "url": "https://gz.lianjia.com/zufang/zhongcun/",
        "total": 270,
        "pages": 9
    },
    {
        "city": "gz",
        "region": "番禺",
        "name": "雅居乐",
        "url": "https://gz.lianjia.com/zufang/yajule1/",
        "total": 588,
        "pages": 20
    },
    {
        "city": "gz",
        "region": "番禺",
        "name": "星河湾",
        "url": "https://gz.lianjia.com/zufang/xinghewan/",
        "total": 273,
        "pages": 10
    },
    {
        "city": "gz",
        "region": "番禺",
        "name": "石碁",
        "url": "https://gz.lianjia.com/zufang/shiqi1/",
        "total": 15,
        "pages": 1
    },
    {
        "city": "gz",
        "region": "番禺",
        "name": "顺德碧桂园",
        "url": "https://gz.lianjia.com/zufang/shundebiguiyuan/",
        "total": 86,
        "pages": 3
    },
    {
        "city": "gz",
        "region": "番禺",
        "name": "沙湾",
        "url": "https://gz.lianjia.com/zufang/shawan1/",
        "total": 227,
        "pages": 8
    },
    {
        "city": "gz",
        "region": "番禺",
        "name": "万博",
        "url": "https://gz.lianjia.com/zufang/wanbo/",
        "total": 1403,
        "pages": 47
    },
    {
        "city": "gz",
        "region": "番禺",
        "name": "厦滘",
        "url": "https://gz.lianjia.com/zufang/shajiao/",
        "total": 285,
        "pages": 10
    },
    {
        "city": "gz",
        "region": "番禺",
        "name": "市桥东",
        "url": "https://gz.lianjia.com/zufang/shiqiaodong/",
        "total": 91,
        "pages": 4
    },
    {
        "city": "gz",
        "region": "番禺",
        "name": "石楼",
        "url": "https://gz.lianjia.com/zufang/shilou/",
        "total": 148,
        "pages": 5
    },
    {
        "city": "gz",
        "region": "番禺",
        "name": "市桥",
        "url": "https://gz.lianjia.com/zufang/shiqiao1/",
        "total": 1125,
        "pages": 38
    },
    {
        "city": "gz",
        "region": "番禺",
        "name": "市桥北",
        "url": "https://gz.lianjia.com/zufang/shiqiaobei/",
        "total": 376,
        "pages": 13
    },
    {
        "city": "gz",
        "region": "番禺",
        "name": "祈福新村",
        "url": "https://gz.lianjia.com/zufang/qifuxincun/",
        "total": 621,
        "pages": 21
    },
    {
        "city": "gz",
        "region": "番禺",
        "name": "桥南",
        "url": "https://gz.lianjia.com/zufang/qiaonan4/",
        "total": 661,
        "pages": 23
    },
    {
        "city": "gz",
        "region": "番禺",
        "name": "番禺广场",
        "url": "https://gz.lianjia.com/zufang/panyuguangchang/",
        "total": 175,
        "pages": 6
    },
    {
        "city": "gz",
        "region": "番禺",
        "name": "番禺客运站",
        "url": "https://gz.lianjia.com/zufang/panyukeyunzhan/",
        "total": 246,
        "pages": 9
    },
    {
        "city": "gz",
        "region": "番禺",
        "name": "洛溪",
        "url": "https://gz.lianjia.com/zufang/luoxi/",
        "total": 487,
        "pages": 17
    },
    {
        "city": "gz",
        "region": "番禺",
        "name": "南浦",
        "url": "https://gz.lianjia.com/zufang/nanpu/",
        "total": 586,
        "pages": 20
    },
    {
        "city": "gz",
        "region": "番禺",
        "name": "莲花山",
        "url": "https://gz.lianjia.com/zufang/lianhuashan/",
        "total": 386,
        "pages": 13
    },
    {
        "city": "gz",
        "region": "番禺",
        "name": "南村",
        "url": "https://gz.lianjia.com/zufang/nancun/",
        "total": 153,
        "pages": 6
    },
    {
        "city": "gz",
        "region": "番禺",
        "name": "华南碧桂园",
        "url": "https://gz.lianjia.com/zufang/huananbiguiyuan/",
        "total": 176,
        "pages": 6
    },
    {
        "city": "gz",
        "region": "番禺",
        "name": "华南新城",
        "url": "https://gz.lianjia.com/zufang/huananxincheng/",
        "total": 116,
        "pages": 4
    },
    {
        "city": "gz",
        "region": "番禺",
        "name": "金山谷",
        "url": "https://gz.lianjia.com/zufang/jinshangu/",
        "total": 271,
        "pages": 10
    },
    {
        "city": "gz",
        "region": "番禺",
        "name": "汉溪长隆",
        "url": "https://gz.lianjia.com/zufang/hanxichanglong/",
        "total": 1118,
        "pages": 38
    },
    {
        "city": "gz",
        "region": "番禺",
        "name": "广州南站",
        "url": "https://gz.lianjia.com/zufang/guangzhounanzhan/",
        "total": 205,
        "pages": 7
    },
    {
        "city": "gz",
        "region": "番禺",
        "name": "官洲",
        "url": "https://gz.lianjia.com/zufang/guanzhou/",
        "total": 111,
        "pages": 4
    },
    {
        "city": "gz",
        "region": "番禺",
        "name": "会江",
        "url": "https://gz.lianjia.com/zufang/huijiang/",
        "total": 97,
        "pages": 4
    },
    {
        "city": "gz",
        "region": "番禺",
        "name": "国际创新城",
        "url": "https://gz.lianjia.com/zufang/guojichuangxincheng/",
        "total": 263,
        "pages": 9
    },
    {
        "city": "gz",
        "region": "番禺",
        "name": "富豪山庄",
        "url": "https://gz.lianjia.com/zufang/fuhaoshanzhuang/",
        "total": 86,
        "pages": 3
    },
    {
        "city": "gz",
        "region": "番禺",
        "name": "大学城",
        "url": "https://gz.lianjia.com/zufang/daxuecheng/",
        "total": 295,
        "pages": 10
    },
    {
        "city": "gz",
        "region": "番禺",
        "name": "东怡新区",
        "url": "https://gz.lianjia.com/zufang/dongyixinqu/",
        "total": 174,
        "pages": 6
    },
    {
        "city": "gz",
        "region": "增城",
        "name": "正果镇",
        "url": "https://gz.lianjia.com/zufang/zhengguozhen/",
        "total": 2,
        "pages": 1
    },
    {
        "city": "gz",
        "region": "增城",
        "name": "增城区府",
        "url": "https://gz.lianjia.com/zufang/zengchengqufu/",
        "total": 81,
        "pages": 3
    },
    {
        "city": "gz",
        "region": "番禺",
        "name": "长洲岛",
        "url": "https://gz.lianjia.com/zufang/changzhoudao1/",
        "total": 5,
        "pages": 1
    },
    {
        "city": "gz",
        "region": "番禺",
        "name": "大石",
        "url": "https://gz.lianjia.com/zufang/dashi/",
        "total": 1024,
        "pages": 35
    },
    {
        "city": "gz",
        "region": "增城",
        "name": "朱村",
        "url": "https://gz.lianjia.com/zufang/zhucun/",
        "total": 2240,
        "pages": 75
    },
    {
        "city": "gz",
        "region": "增城",
        "name": "增城碧桂园",
        "url": "https://gz.lianjia.com/zufang/zengchengbiguiyuan/",
        "total": 132,
        "pages": 5
    },
    {
        "city": "gz",
        "region": "增城",
        "name": "知识城",
        "url": "https://gz.lianjia.com/zufang/zhishicheng/",
        "total": 2063,
        "pages": 69
    },
    {
        "city": "gz",
        "region": "增城",
        "name": "中新镇",
        "url": "https://gz.lianjia.com/zufang/zhongxinzhen/",
        "total": 431,
        "pages": 15
    },
    {
        "city": "gz",
        "region": "增城",
        "name": "永和",
        "url": "https://gz.lianjia.com/zufang/yonghe1/",
        "total": 1094,
        "pages": 37
    },
    {
        "city": "gz",
        "region": "增城",
        "name": "新塘南",
        "url": "https://gz.lianjia.com/zufang/xintangnan/",
        "total": 347,
        "pages": 12
    },
    {
        "city": "gz",
        "region": "增城",
        "name": "新塘北",
        "url": "https://gz.lianjia.com/zufang/xintangbei/",
        "total": 1375,
        "pages": 46
    },
    {
        "city": "gz",
        "region": "增城",
        "name": "香雪",
        "url": "https://gz.lianjia.com/zufang/xiangxue/",
        "total": 1259,
        "pages": 42
    },
    {
        "city": "gz",
        "region": "增城",
        "name": "石滩镇",
        "url": "https://gz.lianjia.com/zufang/shitanzhen/",
        "total": 759,
        "pages": 26
    },
    {
        "city": "gz",
        "region": "增城",
        "name": "小楼镇",
        "url": "https://gz.lianjia.com/zufang/xiaolouzhen/",
        "total": 1,
        "pages": 1
    },
    {
        "city": "gz",
        "region": "增城",
        "name": "沙村",
        "url": "https://gz.lianjia.com/zufang/shacun/",
        "total": 913,
        "pages": 31
    },
    {
        "city": "gz",
        "region": "增城",
        "name": "派潭镇",
        "url": "https://gz.lianjia.com/zufang/paitanzhen/",
        "total": 27,
        "pages": 1
    },
    {
        "city": "gz",
        "region": "增城",
        "name": "荔城西区",
        "url": "https://gz.lianjia.com/zufang/lichengxiqu/",
        "total": 572,
        "pages": 20
    },
    {
        "city": "gz",
        "region": "增城",
        "name": "荔城富鹏",
        "url": "https://gz.lianjia.com/zufang/lichengfupeng/",
        "total": 23,
        "pages": 1
    },
    {
        "city": "gz",
        "region": "增城",
        "name": "福和镇",
        "url": "https://gz.lianjia.com/zufang/fuhezhen/",
        "total": 23,
        "pages": 1
    },
    {
        "city": "gz",
        "region": "增城",
        "name": "荔城增江",
        "url": "https://gz.lianjia.com/zufang/lichengzengjiang/",
        "total": 120,
        "pages": 4
    },
    {
        "city": "gz",
        "region": "增城",
        "name": "荔城中区",
        "url": "https://gz.lianjia.com/zufang/lichengzhongqu/",
        "total": 113,
        "pages": 4
    },
    {
        "city": "gz",
        "region": "增城",
        "name": "开发东区",
        "url": "https://gz.lianjia.com/zufang/kaifadongqu/",
        "total": 262,
        "pages": 9
    },
    {
        "city": "gz",
        "region": "增城",
        "name": "凤凰城",
        "url": "https://gz.lianjia.com/zufang/fenghuangcheng/",
        "total": 1207,
        "pages": 41
    },
    {
        "city": "gz",
        "region": "从化",
        "name": "新城片区",
        "url": "https://gz.lianjia.com/zufang/xinchengpianqu/",
        "total": 14,
        "pages": 1
    },
    {
        "city": "gz",
        "region": "从化",
        "name": "良口镇",
        "url": "https://gz.lianjia.com/zufang/liangkouzhen/",
        "total": 1,
        "pages": 1
    },
    {
        "city": "gz",
        "region": "从化",
        "name": "旺城片区",
        "url": "https://gz.lianjia.com/zufang/wangchengpianqu/",
        "total": 3,
        "pages": 1
    },
    {
        "city": "gz",
        "region": "从化",
        "name": "温泉镇",
        "url": "https://gz.lianjia.com/zufang/wenquanzhen/",
        "total": 109,
        "pages": 4
    },
    {
        "city": "gz",
        "region": "从化",
        "name": "神岗镇",
        "url": "https://gz.lianjia.com/zufang/shengangzhen/",
        "total": 219,
        "pages": 8
    },
    {
        "city": "gz",
        "region": "从化",
        "name": "太平镇",
        "url": "https://gz.lianjia.com/zufang/taipingzhen/",
        "total": 322,
        "pages": 11
    },
    {
        "city": "gz",
        "region": "从化",
        "name": "河滨北路",
        "url": "https://gz.lianjia.com/zufang/hebinbeilu/",
        "total": 11,
        "pages": 1
    },
    {
        "city": "gz",
        "region": "从化",
        "name": "旧城区",
        "url": "https://gz.lianjia.com/zufang/jiuchengqu/",
        "total": 6,
        "pages": 1
    },
    {
        "city": "gz",
        "region": "从化",
        "name": "江浦街",
        "url": "https://gz.lianjia.com/zufang/jiangpujie/",
        "total": 166,
        "pages": 6
    },
    {
        "city": "gz",
        "region": "从化",
        "name": "赤草",
        "url": "https://gz.lianjia.com/zufang/chicao/",
        "total": 90,
        "pages": 3
    },
    {
        "city": "gz",
        "region": "花都",
        "name": "镜湖大道",
        "url": "https://gz.lianjia.com/zufang/jinghudadao/",
        "total": 1022,
        "pages": 35
    },
    {
        "city": "gz",
        "region": "花都",
        "name": "花山镇",
        "url": "https://gz.lianjia.com/zufang/huashanzhen/",
        "total": 53,
        "pages": 2
    },
    {
        "city": "gz",
        "region": "花都",
        "name": "赤坭镇",
        "url": "https://gz.lianjia.com/zufang/chinizhen/",
        "total": 1,
        "pages": 1
    },
    {
        "city": "gz",
        "region": "花都",
        "name": "花东镇",
        "url": "https://gz.lianjia.com/zufang/huadongzhen/",
        "total": 418,
        "pages": 14
    },
    {
        "city": "gz",
        "region": "花都",
        "name": "花城街",
        "url": "https://gz.lianjia.com/zufang/huachengjie/",
        "total": 419,
        "pages": 14
    },
    {
        "city": "gz",
        "region": "天河",
        "name": "珠江新城中",
        "url": "https://gz.lianjia.com/zufang/zhujiangxinchengzhong/",
        "total": 998,
        "pages": 34
    },
    {
        "city": "gz",
        "region": "天河",
        "name": "珠江新城西",
        "url": "https://gz.lianjia.com/zufang/zhujiangxinchengxi/",
        "total": 919,
        "pages": 31
    },
    {
        "city": "gz",
        "region": "天河",
        "name": "珠江新城东",
        "url": "https://gz.lianjia.com/zufang/zhujiangxinchengdong/",
        "total": 1113,
        "pages": 38
    },
    {
        "city": "gz",
        "region": "天河",
        "name": "鱼珠",
        "url": "https://gz.lianjia.com/zufang/yuzhu/",
        "total": 164,
        "pages": 6
    },
    {
        "city": "gz",
        "region": "天河",
        "name": "燕塘",
        "url": "https://gz.lianjia.com/zufang/yantang/",
        "total": 299,
        "pages": 10
    },
    {
        "city": "gz",
        "region": "天河",
        "name": "员村",
        "url": "https://gz.lianjia.com/zufang/yuancun/",
        "total": 822,
        "pages": 28
    },
    {
        "city": "gz",
        "region": "天河",
        "name": "粤垦",
        "url": "https://gz.lianjia.com/zufang/yueken/",
        "total": 535,
        "pages": 18
    },
    {
        "city": "gz",
        "region": "天河",
        "name": "智慧城",
        "url": "https://gz.lianjia.com/zufang/zhihuicheng/",
        "total": 673,
        "pages": 23
    },
    {
        "city": "gz",
        "region": "天河",
        "name": "五山",
        "url": "https://gz.lianjia.com/zufang/wushan/",
        "total": 121,
        "pages": 5
    },
    {
        "city": "gz",
        "region": "天河",
        "name": "杨箕",
        "url": "https://gz.lianjia.com/zufang/yangji/",
        "total": 427,
        "pages": 15
    },
    {
        "city": "gz",
        "region": "天河",
        "name": "五羊新城",
        "url": "https://gz.lianjia.com/zufang/wuyangxincheng/",
        "total": 415,
        "pages": 14
    },
    {
        "city": "gz",
        "region": "天河",
        "name": "天河客运站",
        "url": "https://gz.lianjia.com/zufang/tianhekeyunzhan/",
        "total": 314,
        "pages": 11
    },
    {
        "city": "gz",
        "region": "天河",
        "name": "体育中心",
        "url": "https://gz.lianjia.com/zufang/tiyuzhongxin/",
        "total": 401,
        "pages": 14
    },
    {
        "city": "gz",
        "region": "天河",
        "name": "棠下",
        "url": "https://gz.lianjia.com/zufang/tangxia1/",
        "total": 763,
        "pages": 26
    },
    {
        "city": "gz",
        "region": "天河",
        "name": "天润路",
        "url": "https://gz.lianjia.com/zufang/tianrunlu/",
        "total": 515,
        "pages": 18
    },
    {
        "city": "gz",
        "region": "天河",
        "name": "天河南",
        "url": "https://gz.lianjia.com/zufang/tianhenan/",
        "total": 831,
        "pages": 28
    },
    {
        "city": "gz",
        "region": "天河",
        "name": "天河公园",
        "url": "https://gz.lianjia.com/zufang/tianhegongyuan/",
        "total": 781,
        "pages": 27
    },
    {
        "city": "gz",
        "region": "天河",
        "name": "沙太北",
        "url": "https://gz.lianjia.com/zufang/shataibei/",
        "total": 113,
        "pages": 4
    },
    {
        "city": "gz",
        "region": "天河",
        "name": "沙太南",
        "url": "https://gz.lianjia.com/zufang/shatainan/",
        "total": 604,
        "pages": 21
    },
    {
        "city": "gz",
        "region": "天河",
        "name": "沙河",
        "url": "https://gz.lianjia.com/zufang/shahe1/",
        "total": 496,
        "pages": 17
    },
    {
        "city": "gz",
        "region": "天河",
        "name": "水荫",
        "url": "https://gz.lianjia.com/zufang/shuiyin/",
        "total": 417,
        "pages": 14
    },
    {
        "city": "gz",
        "region": "天河",
        "name": "龙口西",
        "url": "https://gz.lianjia.com/zufang/longkouxi/",
        "total": 249,
        "pages": 9
    },
    {
        "city": "gz",
        "region": "天河",
        "name": "龙口东",
        "url": "https://gz.lianjia.com/zufang/longkoudong/",
        "total": 254,
        "pages": 9
    },
    {
        "city": "gz",
        "region": "天河",
        "name": "石牌",
        "url": "https://gz.lianjia.com/zufang/shipai1/",
        "total": 402,
        "pages": 14
    },
    {
        "city": "gz",
        "region": "天河",
        "name": "梅花园",
        "url": "https://gz.lianjia.com/zufang/meihuayuan/",
        "total": 364,
        "pages": 13
    },
    {
        "city": "gz",
        "region": "天河",
        "name": "林和",
        "url": "https://gz.lianjia.com/zufang/linhe/",
        "total": 670,
        "pages": 23
    },
    {
        "city": "gz",
        "region": "天河",
        "name": "龙洞",
        "url": "https://gz.lianjia.com/zufang/longdong/",
        "total": 183,
        "pages": 7
    },
    {
        "city": "gz",
        "region": "天河",
        "name": "科学城",
        "url": "https://gz.lianjia.com/zufang/kexuecheng/",
        "total": 3033,
        "pages": 100
    },
    {
        "city": "gz",
        "region": "天河",
        "name": "金融城",
        "url": "https://gz.lianjia.com/zufang/jinrongcheng1/",
        "total": 253,
        "pages": 9
    },
    {
        "city": "gz",
        "region": "天河",
        "name": "黄花岗",
        "url": "https://gz.lianjia.com/zufang/huanghuagang/",
        "total": 406,
        "pages": 14
    },
    {
        "city": "gz",
        "region": "天河",
        "name": "汇景新城",
        "url": "https://gz.lianjia.com/zufang/huijingxincheng/",
        "total": 103,
        "pages": 4
    },
    {
        "city": "gz",
        "region": "天河",
        "name": "黄村",
        "url": "https://gz.lianjia.com/zufang/huangcun/",
        "total": 368,
        "pages": 13
    },
    {
        "city": "gz",
        "region": "天河",
        "name": "环市东",
        "url": "https://gz.lianjia.com/zufang/huanshidong/",
        "total": 198,
        "pages": 7
    },
    {
        "city": "gz",
        "region": "天河",
        "name": "高唐",
        "url": "https://gz.lianjia.com/zufang/gaotang/",
        "total": 81,
        "pages": 3
    },
    {
        "city": "gz",
        "region": "天河",
        "name": "黄埔区府",
        "url": "https://gz.lianjia.com/zufang/huangpuqufu/",
        "total": 507,
        "pages": 17
    },
    {
        "city": "gz",
        "region": "天河",
        "name": "二沙岛",
        "url": "https://gz.lianjia.com/zufang/ershadao/",
        "total": 10,
        "pages": 1
    },
    {
        "city": "gz",
        "region": "天河",
        "name": "华景新城",
        "url": "https://gz.lianjia.com/zufang/huajingxincheng/",
        "total": 515,
        "pages": 18
    },
    {
        "city": "gz",
        "region": "天河",
        "name": "东圃",
        "url": "https://gz.lianjia.com/zufang/dongpu/",
        "total": 1171,
        "pages": 40
    },
    {
        "city": "gz",
        "region": "天河",
        "name": "大沙地",
        "url": "https://gz.lianjia.com/zufang/dashadi/",
        "total": 613,
        "pages": 21
    },
    {
        "city": "gz",
        "region": "天河",
        "name": "东风东",
        "url": "https://gz.lianjia.com/zufang/dongfengdong/",
        "total": 349,
        "pages": 12
    },
    {
        "city": "gz",
        "region": "南沙",
        "name": "鱼窝头",
        "url": "https://gz.lianjia.com/zufang/yuwotou/",
        "total": 1,
        "pages": 1
    },
    {
        "city": "gz",
        "region": "天河",
        "name": "长兴",
        "url": "https://gz.lianjia.com/zufang/changxing1/",
        "total": 145,
        "pages": 5
    },
    {
        "city": "gz",
        "region": "南沙",
        "name": "万顷沙",
        "url": "https://gz.lianjia.com/zufang/wanqingsha/",
        "total": 36,
        "pages": 2
    },
    {
        "city": "gz",
        "region": "南沙",
        "name": "南沙港",
        "url": "https://gz.lianjia.com/zufang/nanshagang/",
        "total": 889,
        "pages": 30
    },
    {
        "city": "gz",
        "region": "南沙",
        "name": "南沙湾",
        "url": "https://gz.lianjia.com/zufang/nanshawan/",
        "total": 252,
        "pages": 9
    },
    {
        "city": "gz",
        "region": "天河",
        "name": "车陂",
        "url": "https://gz.lianjia.com/zufang/chebei/",
        "total": 492,
        "pages": 17
    },
    {
        "city": "gz",
        "region": "南沙",
        "name": "南沙区府",
        "url": "https://gz.lianjia.com/zufang/nanshaqufu/",
        "total": 424,
        "pages": 15
    },
    {
        "city": "gz",
        "region": "南沙",
        "name": "榄核镇",
        "url": "https://gz.lianjia.com/zufang/lanhezhen/",
        "total": 53,
        "pages": 2
    },
    {
        "city": "gz",
        "region": "南沙",
        "name": "明珠湾",
        "url": "https://gz.lianjia.com/zufang/mingzhuwan/",
        "total": 1014,
        "pages": 34
    },
    {
        "city": "gz",
        "region": "南沙",
        "name": "横沥",
        "url": "https://gz.lianjia.com/zufang/hengli/",
        "total": 43,
        "pages": 2
    },
    {
        "city": "gz",
        "region": "南沙",
        "name": "金洲",
        "url": "https://gz.lianjia.com/zufang/jinzhou2/",
        "total": 2137,
        "pages": 72
    },
    {
        "city": "gz",
        "region": "南沙",
        "name": "进港大道",
        "url": "https://gz.lianjia.com/zufang/jingangdadao/",
        "total": 1617,
        "pages": 54
    },
    {
        "city": "gz",
        "region": "南沙",
        "name": "大岗镇",
        "url": "https://gz.lianjia.com/zufang/dagangzhen/",
        "total": 43,
        "pages": 2
    },
    {
        "city": "gz",
        "region": "南沙",
        "name": "黄阁",
        "url": "https://gz.lianjia.com/zufang/huangge/",
        "total": 599,
        "pages": 20
    }
]