[
    {
        "city": "gz",
        "region": "南沙",
        "name": "东涌",
        "x": 113.463821,
        "y": 22.886011
    },
    {
        "city": "gz",
        "region": "花都",
        "name": "秀全街",
        "x": 113.14248710877608,
        "y": 23.34650958220207
    },
    {
        "city": "gz",
        "region": "花都",
        "name": "新区",
        "x": 113.177673,
        "y": 23.459673
    },
    {
        "city": "gz",
        "region": "天河",
        "name": "岑村",
        "x": 113.389076,
        "y": 23.166782
    },
    {
        "city": "gz",
        "region": "花都",
        "name": "北兴镇",
        "x": 113.294182,
        "y": 23.545401
    },
    {
        "city": "gz",
        "region": "花都",
        "name": "炭步",
        "x": 113.105743,
        "y": 23.340786
    },
    {
        "city": "gz",
        "region": "从化",
        "name": "鳌头镇",
        "x": 113.427963,
        "y": 23.617281
    },
    {
        "city": "gz",
        "region": "花都",
        "name": "山前大道",
        "x": 113.15538,
        "y": 23.461742
    },
    {
        "city": "gz",
        "region": "花都",
        "name": "铁路西",
        "x": 113.218478,
        "y": 23.403277
    },
    {
        "city": "gz",
        "region": "花都",
        "name": "狮岭镇",
        "x": 113.15538,
        "y": 23.461742
    },
    {
        "city": "gz",
        "region": "花都",
        "name": "旧区",
        "x": 113.15538,
        "y": 23.461742
    },
    {
        "city": "gz",
        "region": "增城",
        "name": "白江",
        "x": 113.8109,
        "y": 23.26093
    },
    {
        "city": "gz",
        "region": "白云",
        "name": "钟落潭",
        "x": 113.407578,
        "y": 23.384171
    },
    {
        "city": "gz",
        "region": "白云",
        "name": "元下田",
        "x": 113.301483,
        "y": 23.216459
    },
    {
        "city": "gz",
        "region": "白云",
        "name": "永泰",
        "x": 113.27324,
        "y": 23.15792
    },
    {
        "city": "gz",
        "region": "白云",
        "name": "夏茅",
        "x": 113.27324,
        "y": 23.15792
    },
    {
        "city": "gz",
        "region": "白云",
        "name": "太和",
        "x": 113.27324,
        "y": 23.15792
    },
    {
        "city": "gz",
        "region": "白云",
        "name": "西村",
        "x": 113.242561,
        "y": 23.141842
    },
    {
        "city": "gz",
        "region": "白云",
        "name": "新市",
        "x": 113.27324,
        "y": 23.15792
    },
    {
        "city": "gz",
        "region": "白云",
        "name": "同和",
        "x": 113.336395,
        "y": 23.181696
    },
    {
        "city": "gz",
        "region": "越秀",
        "name": "越秀南",
        "x": 113.2668,
        "y": 23.12901
    },
    {
        "city": "gz",
        "region": "越秀",
        "name": "小北",
        "x": 113.2668,
        "y": 23.12901
    },
    {
        "city": "gz",
        "region": "越秀",
        "name": "淘金",
        "x": 113.2668,
        "y": 23.12901
    },
    {
        "city": "gz",
        "region": "越秀",
        "name": "盘福",
        "x": 113.2668,
        "y": 23.12901
    },
    {
        "city": "gz",
        "region": "越秀",
        "name": "建设路",
        "x": 113.2668,
        "y": 23.12901
    },
    {
        "city": "gz",
        "region": "越秀",
        "name": "农讲所",
        "x": 113.274696,
        "y": 23.126869
    },
    {
        "city": "gz",
        "region": "越秀",
        "name": "解放南",
        "x": 113.262268,
        "y": 23.117573
    },
    {
        "city": "gz",
        "region": "越秀",
        "name": "公园前",
        "x": 113.265907,
        "y": 23.140696
    },
    {
        "city": "gz",
        "region": "越秀",
        "name": "解放北",
        "x": 113.262268,
        "y": 23.117573
    },
    {
        "city": "gz",
        "region": "越秀",
        "name": "海珠广场",
        "x": 113.265602,
        "y": 23.114309
    },
    {
        "city": "gz",
        "region": "越秀",
        "name": "东山口",
        "x": 113.2668,
        "y": 23.12901
    },
    {
        "city": "gz",
        "region": "荔湾",
        "name": "周门",
        "x": 113.238251,
        "y": 23.130192
    },
    {
        "city": "gz",
        "region": "荔湾",
        "name": "西华路",
        "x": 113.271027,
        "y": 23.04669
    },
    {
        "city": "gz",
        "region": "越秀",
        "name": "东川路",
        "x": 113.286613,
        "y": 23.12455
    },
    {
        "city": "gz",
        "region": "越秀",
        "name": "东湖",
        "x": 113.2668,
        "y": 23.12901
    },
    {
        "city": "gz",
        "region": "荔湾",
        "name": "西门口",
        "x": 113.24428,
        "y": 23.12586
    },
    {
        "city": "gz",
        "region": "荔湾",
        "name": "西朗",
        "x": 113.247025,
        "y": 23.073009
    },
    {
        "city": "gz",
        "region": "荔湾",
        "name": "中山八",
        "x": 113.252151,
        "y": 23.124811
    },
    {
        "city": "gz",
        "region": "荔湾",
        "name": "人民北",
        "x": 113.253571,
        "y": 23.123182
    },
    {
        "city": "gz",
        "region": "荔湾",
        "name": "沙面",
        "x": 113.24428,
        "y": 23.12586
    },
    {
        "city": "gz",
        "region": "荔湾",
        "name": "西场",
        "x": 113.24428,
        "y": 23.12586
    },
    {
        "city": "gz",
        "region": "荔湾",
        "name": "龙溪",
        "x": 113.197701,
        "y": 23.07111
    },
    {
        "city": "gz",
        "region": "荔湾",
        "name": "南岸路",
        "x": 113.231438,
        "y": 23.135139
    },
    {
        "city": "gz",
        "region": "荔湾",
        "name": "流花站前",
        "x": 113.245224,
        "y": 23.139153
    },
    {
        "city": "gz",
        "region": "荔湾",
        "name": "西关",
        "x": 113.249084,
        "y": 23.112473
    },
    {
        "city": "gz",
        "region": "荔湾",
        "name": "人民路",
        "x": 113.24428,
        "y": 23.12586
    },
    {
        "city": "gz",
        "region": "荔湾",
        "name": "菊树",
        "x": 113.24428,
        "y": 23.12586
    },
    {
        "city": "gz",
        "region": "荔湾",
        "name": "龙津",
        "x": 113.252602,
        "y": 23.122591
    },
    {
        "city": "gz",
        "region": "荔湾",
        "name": "坑口",
        "x": 113.24428,
        "y": 23.12586
    },
    {
        "city": "gz",
        "region": "荔湾",
        "name": "滘口",
        "x": 113.24428,
        "y": 23.12586
    },
    {
        "city": "gz",
        "region": "荔湾",
        "name": "花地湾",
        "x": 113.229118,
        "y": 23.085661
    },
    {
        "city": "gz",
        "region": "荔湾",
        "name": "鹤洞",
        "x": 113.247398,
        "y": 23.075191
    },
    {
        "city": "gz",
        "region": "荔湾",
        "name": "黄沙",
        "x": 113.236977,
        "y": 23.112101
    },
    {
        "city": "gz",
        "region": "荔湾",
        "name": "和平西",
        "x": 113.260567,
        "y": 23.116991
    },
    {
        "city": "gz",
        "region": "荔湾",
        "name": "广钢新城",
        "x": 113.237244,
        "y": 23.06922
    },
    {
        "city": "gz",
        "region": "荔湾",
        "name": "芳村",
        "x": 113.235397,
        "y": 23.10301
    },
    {
        "city": "gz",
        "region": "荔湾",
        "name": "东塱",
        "x": 113.24428,
        "y": 23.12586
    },
    {
        "city": "gz",
        "region": "荔湾",
        "name": "汾水",
        "x": 113.221649,
        "y": 23.082443
    },
    {
        "city": "gz",
        "region": "荔湾",
        "name": "东风西",
        "x": 113.232834,
        "y": 23.069513
    },
    {
        "city": "gz",
        "region": "荔湾",
        "name": "茶滘",
        "x": 113.225693,
        "y": 23.090202
    },
    {
        "city": "gz",
        "region": "海珠",
        "name": "中大",
        "x": 113.297249,
        "y": 23.08956
    },
    {
        "city": "gz",
        "region": "越秀",
        "name": "北京路",
        "x": 113.269852,
        "y": 23.11841
    },
    {
        "city": "gz",
        "region": "荔湾",
        "name": "大坦沙",
        "x": 113.219559,
        "y": 23.123274
    },
    {
        "city": "gz",
        "region": "海珠",
        "name": "同福",
        "x": 113.3172,
        "y": 23.08331
    },
    {
        "city": "gz",
        "region": "海珠",
        "name": "新港西",
        "x": 113.251007,
        "y": 23.09281
    },
    {
        "city": "gz",
        "region": "海珠",
        "name": "琶洲中",
        "x": 113.382324,
        "y": 23.10154
    },
    {
        "city": "gz",
        "region": "海珠",
        "name": "沙园",
        "x": 113.26358,
        "y": 23.087051
    },
    {
        "city": "gz",
        "region": "海珠",
        "name": "万胜围",
        "x": 113.385139,
        "y": 23.099981
    },
    {
        "city": "gz",
        "region": "海珠",
        "name": "前进路",
        "x": 113.276176,
        "y": 23.10113
    },
    {
        "city": "gz",
        "region": "海珠",
        "name": "南洲",
        "x": 113.317047,
        "y": 23.0625
    },
    {
        "city": "gz",
        "region": "海珠",
        "name": "沥滘",
        "x": 113.315811,
        "y": 23.058901
    },
    {
        "city": "gz",
        "region": "海珠",
        "name": "磨碟沙",
        "x": 113.335732,
        "y": 23.102617
    },
    {
        "city": "gz",
        "region": "海珠",
        "name": "江南西",
        "x": 113.26976,
        "y": 23.090624
    },
    {
        "city": "gz",
        "region": "海珠",
        "name": "金碧",
        "x": 113.286903,
        "y": 23.067743
    },
    {
        "city": "gz",
        "region": "海珠",
        "name": "客村",
        "x": 113.313812,
        "y": 23.09411
    },
    {
        "city": "gz",
        "region": "海珠",
        "name": "江南大道中",
        "x": 113.272552,
        "y": 23.099819
    },
    {
        "city": "gz",
        "region": "海珠",
        "name": "江燕路",
        "x": 113.278801,
        "y": 23.08082
    },
    {
        "city": "gz",
        "region": "海珠",
        "name": "黄埔村",
        "x": 113.398201,
        "y": 23.093941
    },
    {
        "city": "gz",
        "region": "海珠",
        "name": "洪德",
        "x": 113.3172,
        "y": 23.08331
    },
    {
        "city": "gz",
        "region": "海珠",
        "name": "工业大道北",
        "x": 113.3172,
        "y": 23.08331
    },
    {
        "city": "gz",
        "region": "海珠",
        "name": "工业大道南",
        "x": 113.279961,
        "y": 23.0709
    },
    {
        "city": "gz",
        "region": "海珠",
        "name": "广州大道南",
        "x": 113.315269,
        "y": 23.093531
    },
    {
        "city": "gz",
        "region": "海珠",
        "name": "东晓路",
        "x": 113.283707,
        "y": 23.099871
    },
    {
        "city": "gz",
        "region": "海珠",
        "name": "昌岗",
        "x": 113.271637,
        "y": 23.0856
    },
    {
        "city": "gz",
        "region": "海珠",
        "name": "东晓南",
        "x": 113.295799,
        "y": 23.07085
    },
    {
        "city": "gz",
        "region": "海珠",
        "name": "工业大道中",
        "x": 113.267487,
        "y": 23.079229
    },
    {
        "city": "gz",
        "region": "海珠",
        "name": "滨江西",
        "x": 113.303139,
        "y": 23.103123
    },
    {
        "city": "gz",
        "region": "海珠",
        "name": "滨江东",
        "x": 113.303139,
        "y": 23.103123
    },
    {
        "city": "gz",
        "region": "海珠",
        "name": "赤岗",
        "x": 113.3172,
        "y": 23.08331
    },
    {
        "city": "gz",
        "region": "荔湾",
        "name": "陈家祠",
        "x": 113.246101,
        "y": 23.127689
    },
    {
        "city": "gz",
        "region": "海珠",
        "name": "滨江中",
        "x": 113.303139,
        "y": 23.103123
    },
    {
        "city": "gz",
        "region": "白云",
        "name": "同德围",
        "x": 113.234261,
        "y": 23.16263
    },
    {
        "city": "gz",
        "region": "海珠",
        "name": "宝岗",
        "x": 113.285675,
        "y": 23.069319
    },
    {
        "city": "gz",
        "region": "白云",
        "name": "人和",
        "x": 113.27324,
        "y": 23.15792
    },
    {
        "city": "gz",
        "region": "白云",
        "name": "石井",
        "x": 113.253136,
        "y": 23.25131
    },
    {
        "city": "gz",
        "region": "白云",
        "name": "三元里",
        "x": 113.259354,
        "y": 23.158644
    },
    {
        "city": "gz",
        "region": "白云",
        "name": "南湖",
        "x": 113.27324,
        "y": 23.15792
    },
    {
        "city": "gz",
        "region": "白云",
        "name": "麓景",
        "x": 113.276642,
        "y": 23.155794
    },
    {
        "city": "gz",
        "region": "白云",
        "name": "江高镇",
        "x": 113.231392,
        "y": 23.300146
    },
    {
        "city": "gz",
        "region": "白云",
        "name": "罗冲围",
        "x": 113.222649,
        "y": 23.148342
    },
    {
        "city": "gz",
        "region": "白云",
        "name": "马务",
        "x": 113.27324,
        "y": 23.15792
    },
    {
        "city": "gz",
        "region": "白云",
        "name": "龙归",
        "x": 113.3088,
        "y": 23.28021
    },
    {
        "city": "gz",
        "region": "白云",
        "name": "嘉禾望岗",
        "x": 113.192589,
        "y": 23.369781
    },
    {
        "city": "gz",
        "region": "白云",
        "name": "京溪",
        "x": 113.32251,
        "y": 23.186199
    },
    {
        "city": "gz",
        "region": "白云",
        "name": "江夏",
        "x": 113.27324,
        "y": 23.15792
    },
    {
        "city": "gz",
        "region": "白云",
        "name": "桂花岗",
        "x": 113.260681,
        "y": 23.151245
    },
    {
        "city": "gz",
        "region": "白云",
        "name": "黄石",
        "x": 113.27324,
        "y": 23.15792
    },
    {
        "city": "gz",
        "region": "白云",
        "name": "景泰",
        "x": 113.27324,
        "y": 23.15792
    },
    {
        "city": "gz",
        "region": "白云",
        "name": "金沙洲",
        "x": 113.210899,
        "y": 23.155979
    },
    {
        "city": "gz",
        "region": "白云",
        "name": "机场路",
        "x": 113.309402,
        "y": 23.39032
    },
    {
        "city": "gz",
        "region": "白云",
        "name": "大金钟路",
        "x": 113.275238,
        "y": 23.167271
    },
    {
        "city": "gz",
        "region": "白云",
        "name": "黄边",
        "x": 113.274323,
        "y": 23.226261
    },
    {
        "city": "gz",
        "region": "白云",
        "name": "东平",
        "x": 113.27324,
        "y": 23.15792
    },
    {
        "city": "gz",
        "region": "黄埔",
        "name": "开发西区",
        "x": 113.538872,
        "y": 23.096436
    },
    {
        "city": "gz",
        "region": "黄埔",
        "name": "夏园",
        "x": 113.518402,
        "y": 23.078022
    },
    {
        "city": "gz",
        "region": "白云",
        "name": "白云大道南",
        "x": 113.278931,
        "y": 23.18087
    },
    {
        "city": "gz",
        "region": "黄埔",
        "name": "文冲",
        "x": 113.470497,
        "y": 23.10309
    },
    {
        "city": "gz",
        "region": "番禺",
        "name": "亚运城",
        "x": 113.488014,
        "y": 22.946062
    },
    {
        "city": "gz",
        "region": "番禺",
        "name": "亚运大道中",
        "x": 113.435539,
        "y": 22.937111
    },
    {
        "city": "gz",
        "region": "番禺",
        "name": "钟村",
        "x": 113.313431,
        "y": 22.987015
    },
    {
        "city": "gz",
        "region": "番禺",
        "name": "雅居乐",
        "x": 113.275444,
        "y": 23.066998
    },
    {
        "city": "gz",
        "region": "番禺",
        "name": "星河湾",
        "x": 113.332771,
        "y": 23.027651
    },
    {
        "city": "gz",
        "region": "番禺",
        "name": "石碁",
        "x": 113.458061,
        "y": 22.965872
    },
    {
        "city": "gz",
        "region": "番禺",
        "name": "顺德碧桂园",
        "x": 113.360901,
        "y": 22.998581
    },
    {
        "city": "gz",
        "region": "番禺",
        "name": "沙湾",
        "x": 113.348717,
        "y": 23.02165
    },
    {
        "city": "gz",
        "region": "番禺",
        "name": "万博",
        "x": 113.291695,
        "y": 23.086853
    },
    {
        "city": "gz",
        "region": "番禺",
        "name": "厦滘",
        "x": 113.348717,
        "y": 23.02165
    },
    {
        "city": "gz",
        "region": "番禺",
        "name": "市桥东",
        "x": 113.308632,
        "y": 22.905659
    },
    {
        "city": "gz",
        "region": "番禺",
        "name": "石楼",
        "x": 113.501526,
        "y": 23.004658
    },
    {
        "city": "gz",
        "region": "番禺",
        "name": "市桥",
        "x": 113.359947,
        "y": 22.941828
    },
    {
        "city": "gz",
        "region": "番禺",
        "name": "市桥北",
        "x": 113.38424,
        "y": 22.93772
    },
    {
        "city": "gz",
        "region": "番禺",
        "name": "祈福新村",
        "x": 113.330276,
        "y": 22.962509
    },
    {
        "city": "gz",
        "region": "番禺",
        "name": "桥南",
        "x": 113.27324,
        "y": 23.15792
    },
    {
        "city": "gz",
        "region": "番禺",
        "name": "番禺广场",
        "x": 113.384232,
        "y": 22.93432
    },
    {
        "city": "gz",
        "region": "番禺",
        "name": "番禺客运站",
        "x": 113.417877,
        "y": 22.922762
    },
    {
        "city": "gz",
        "region": "番禺",
        "name": "洛溪",
        "x": 113.305252,
        "y": 23.03956
    },
    {
        "city": "gz",
        "region": "番禺",
        "name": "南浦",
        "x": 113.274467,
        "y": 23.042219
    },
    {
        "city": "gz",
        "region": "番禺",
        "name": "莲花山",
        "x": 113.50119,
        "y": 22.987591
    },
    {
        "city": "gz",
        "region": "番禺",
        "name": "南村",
        "x": 113.391975,
        "y": 23.007603
    },
    {
        "city": "gz",
        "region": "番禺",
        "name": "华南碧桂园",
        "x": 113.360901,
        "y": 22.998581
    },
    {
        "city": "gz",
        "region": "番禺",
        "name": "华南新城",
        "x": 113.350639,
        "y": 23.022772
    },
    {
        "city": "gz",
        "region": "番禺",
        "name": "金山谷",
        "x": 113.341621,
        "y": 22.973286
    },
    {
        "city": "gz",
        "region": "番禺",
        "name": "汉溪长隆",
        "x": 113.321327,
        "y": 23.027128
    },
    {
        "city": "gz",
        "region": "番禺",
        "name": "广州南站",
        "x": 113.269325,
        "y": 22.988558
    },
    {
        "city": "gz",
        "region": "番禺",
        "name": "官洲",
        "x": 113.36937,
        "y": 23.061733
    },
    {
        "city": "gz",
        "region": "番禺",
        "name": "会江",
        "x": 113.38424,
        "y": 22.93772
    },
    {
        "city": "gz",
        "region": "番禺",
        "name": "国际创新城",
        "x": 113.400978,
        "y": 23.004848
    },
    {
        "city": "gz",
        "region": "番禺",
        "name": "富豪山庄",
        "x": 113.346153,
        "y": 22.969873
    },
    {
        "city": "gz",
        "region": "番禺",
        "name": "大学城",
        "x": 113.391251,
        "y": 23.054291
    },
    {
        "city": "gz",
        "region": "番禺",
        "name": "东怡新区",
        "x": 113.391212,
        "y": 22.932402
    },
    {
        "city": "gz",
        "region": "增城",
        "name": "正果镇",
        "x": 113.893387,
        "y": 23.417252
    },
    {
        "city": "gz",
        "region": "增城",
        "name": "增城区府",
        "x": 113.8109,
        "y": 23.26093
    },
    {
        "city": "gz",
        "region": "番禺",
        "name": "长洲岛",
        "x": 113.436188,
        "y": 23.076389
    },
    {
        "city": "gz",
        "region": "番禺",
        "name": "大石",
        "x": 113.38424,
        "y": 22.93772
    },
    {
        "city": "gz",
        "region": "增城",
        "name": "朱村",
        "x": 113.695267,
        "y": 23.27614
    },
    {
        "city": "gz",
        "region": "增城",
        "name": "增城碧桂园",
        "x": 113.823952,
        "y": 23.213791
    },
    {
        "city": "gz",
        "region": "增城",
        "name": "知识城",
        "x": 113.533157,
        "y": 23.322454
    },
    {
        "city": "gz",
        "region": "增城",
        "name": "中新镇",
        "x": 113.621597,
        "y": 23.288752
    },
    {
        "city": "gz",
        "region": "增城",
        "name": "永和",
        "x": 113.8109,
        "y": 23.26093
    },
    {
        "city": "gz",
        "region": "增城",
        "name": "新塘南",
        "x": 113.617348,
        "y": 23.12031
    },
    {
        "city": "gz",
        "region": "增城",
        "name": "新塘北",
        "x": 113.835724,
        "y": 23.482525
    },
    {
        "city": "gz",
        "region": "增城",
        "name": "香雪",
        "x": 113.787689,
        "y": 23.637512
    },
    {
        "city": "gz",
        "region": "增城",
        "name": "石滩镇",
        "x": 113.794388,
        "y": 23.167603
    },
    {
        "city": "gz",
        "region": "增城",
        "name": "小楼镇",
        "x": 113.832512,
        "y": 23.378941
    },
    {
        "city": "gz",
        "region": "增城",
        "name": "沙村",
        "x": 113.562508,
        "y": 23.113503
    },
    {
        "city": "gz",
        "region": "增城",
        "name": "派潭镇",
        "x": 113.784073,
        "y": 23.489985
    },
    {
        "city": "gz",
        "region": "增城",
        "name": "荔城西区",
        "x": 113.8109,
        "y": 23.26093
    },
    {
        "city": "gz",
        "region": "增城",
        "name": "荔城富鹏",
        "x": 113.82859,
        "y": 23.307791
    },
    {
        "city": "gz",
        "region": "增城",
        "name": "福和镇",
        "x": 113.642044,
        "y": 23.385323
    },
    {
        "city": "gz",
        "region": "增城",
        "name": "荔城增江",
        "x": 113.838821,
        "y": 23.287231
    },
    {
        "city": "gz",
        "region": "增城",
        "name": "荔城中区",
        "x": 113.8109,
        "y": 23.26093
    },
    {
        "city": "gz",
        "region": "增城",
        "name": "开发东区",
        "x": 113.8109,
        "y": 23.26093
    },
    {
        "city": "gz",
        "region": "增城",
        "name": "凤凰城",
        "x": 113.582024,
        "y": 23.13353
    },
    {
        "city": "gz",
        "region": "从化",
        "name": "新城片区",
        "x": 113.402092,
        "y": 23.644941
    },
    {
        "city": "gz",
        "region": "从化",
        "name": "良口镇",
        "x": 113.734825,
        "y": 23.718613
    },
    {
        "city": "gz",
        "region": "从化",
        "name": "旺城片区",
        "x": 113.567833,
        "y": 23.563936
    },
    {
        "city": "gz",
        "region": "从化",
        "name": "温泉镇",
        "x": 113.632523,
        "y": 23.616451
    },
    {
        "city": "gz",
        "region": "从化",
        "name": "神岗镇",
        "x": 113.50737,
        "y": 23.504791
    },
    {
        "city": "gz",
        "region": "从化",
        "name": "太平镇",
        "x": 113.48159,
        "y": 23.431461
    },
    {
        "city": "gz",
        "region": "从化",
        "name": "河滨北路",
        "x": 113.60424,
        "y": 23.55195
    },
    {
        "city": "gz",
        "region": "从化",
        "name": "旧城区",
        "x": 113.58646,
        "y": 23.54835
    },
    {
        "city": "gz",
        "region": "从化",
        "name": "江浦街",
        "x": 113.58646,
        "y": 23.54835
    },
    {
        "city": "gz",
        "region": "从化",
        "name": "赤草",
        "x": 113.568947,
        "y": 23.509722
    },
    {
        "city": "gz",
        "region": "花都",
        "name": "镜湖大道",
        "x": 113.15538,
        "y": 23.461742
    },
    {
        "city": "gz",
        "region": "花都",
        "name": "花山镇",
        "x": 113.273598,
        "y": 23.436052
    },
    {
        "city": "gz",
        "region": "花都",
        "name": "赤坭镇",  
        "x": 113.077042,
        "y": 23.38689
    },
    {
        "city": "gz",
        "region": "花都",
        "name": "花东镇",
        "x": 113.421768,
        "y": 23.424084
    },
    {
        "city": "gz",
        "region": "花都",
        "name": "花城街",
        "x": 113.15538,
        "y": 23.461742
    },
    {
        "city": "gz",
        "region": "天河",
        "name": "珠江新城中",
        "x": 113.32122,
        "y": 23.119431
    },
    {
        "city": "gz",
        "region": "天河",
        "name": "珠江新城西",
        "x": 113.32122,
        "y": 23.119431
    },
    {
        "city": "gz",
        "region": "天河",
        "name": "珠江新城东",
        "x": 113.32122,
        "y": 23.119431
    },
    {
        "city": "gz",
        "region": "天河",
        "name": "鱼珠",
        "x": 113.444534,
        "y": 23.11282
    },
    {
        "city": "gz",
        "region": "天河",
        "name": "燕塘",
        "x": 113.330467,
        "y": 23.162897
    },
    {
        "city": "gz",
        "region": "天河",
        "name": "员村",
        "x": 113.362152,
        "y": 23.120979
    },
    {
        "city": "gz",
        "region": "天河",
        "name": "粤垦",
        "x": 113.36199,
        "y": 23.12463
    },
    {
        "city": "gz",
        "region": "天河",
        "name": "智慧城",
        "x": 113.383232,
        "y": 23.168171
    },
    {
        "city": "gz",
        "region": "天河",
        "name": "五山",
        "x": 113.36199,
        "y": 23.12463
    },
    {
        "city": "gz",
        "region": "天河",
        "name": "杨箕",
        "x": 113.313263,
        "y": 23.127407
    },
    {
        "city": "gz",
        "region": "天河",
        "name": "五羊新城",
        "x": 113.313766,
        "y": 23.117437
    },
    {
        "city": "gz",
        "region": "天河",
        "name": "天河客运站",
        "x": 113.343369,
        "y": 23.170767
    },
    {
        "city": "gz",
        "region": "天河",
        "name": "体育中心",
        "x": 113.321083,
        "y": 23.133286
    },
    {
        "city": "gz",
        "region": "天河",
        "name": "棠下",
        "x": 113.379883,
        "y": 23.123447
    },
    {
        "city": "gz",
        "region": "天河",
        "name": "天润路",
        "x": 113.336342,
        "y": 23.143351
    },
    {
        "city": "gz",
        "region": "天河",
        "name": "天河南",
        "x": 113.326691,
        "y": 23.12958
    },
    {
        "city": "gz",
        "region": "天河",
        "name": "天河公园",
        "x": 113.367409,
        "y": 23.12793
    },
    {
        "city": "gz",
        "region": "天河",
        "name": "沙太北",
        "x": 113.323639,
        "y": 23.164228
    },
    {
        "city": "gz",
        "region": "天河",
        "name": "沙太南",
        "x": 113.323639,
        "y": 23.164228
    },
    {
        "city": "gz",
        "region": "天河",
        "name": "沙河",
        "x": 113.329903,
        "y": 23.16106
    },
    {
        "city": "gz",
        "region": "天河",
        "name": "水荫",
        "x": 113.36199,
        "y": 23.12463
    },
    {
        "city": "gz",
        "region": "天河",
        "name": "龙口西",
        "x": 113.339363,
        "y": 23.136812
    },
    {
        "city": "gz",
        "region": "天河",
        "name": "龙口东",
        "x": 113.339363,
        "y": 23.136812
    },
    {
        "city": "gz",
        "region": "天河",
        "name": "石牌",
        "x": 113.339737,
        "y": 23.124325
    },
    {
        "city": "gz",
        "region": "天河",
        "name": "梅花园",
        "x": 113.3209,
        "y": 23.17935
    },
    {
        "city": "gz",
        "region": "天河",
        "name": "林和",
        "x": 113.325935,
        "y": 23.147186
    },
    {
        "city": "gz",
        "region": "天河",
        "name": "龙洞",
        "x": 113.368752,
        "y": 23.196569
    },
    {
        "city": "gz",
        "region": "天河",
        "name": "科学城",
        "x": 113.43721,
        "y": 23.167938
    },
    {
        "city": "gz",
        "region": "天河",
        "name": "金融城",
        "x": 113.378159,
        "y": 23.118778
    },
    {
        "city": "gz",
        "region": "天河",
        "name": "黄花岗",
        "x": 113.297615,
        "y": 23.137939
    },
    {
        "city": "gz",
        "region": "天河",
        "name": "汇景新城",
        "x": 113.36776,
        "y": 23.148127
    },
    {
        "city": "gz",
        "region": "天河",
        "name": "黄村",
        "x": 113.416252,
        "y": 23.123001
    },
    {
        "city": "gz",
        "region": "天河",
        "name": "环市东",
        "x": 113.391075,
        "y": 23.122034
    },
    {
        "city": "gz",
        "region": "天河",
        "name": "高唐",
        "x": 113.36199,
        "y": 23.12463
    },
    {
        "city": "gz",
        "region": "天河",
        "name": "黄埔区府",
        "x": 113.48067,
        "y": 23.18139
    },
    {
        "city": "gz",
        "region": "天河",
        "name": "二沙岛",
        "x": 113.311836,
        "y": 23.108681
    },
    {
        "city": "gz",
        "region": "天河",
        "name": "华景新城",
        "x": 113.362061,
        "y": 23.138165
    },
    {
        "city": "gz",
        "region": "天河",
        "name": "东圃",
        "x": 113.399551,
        "y": 23.124001
    },
    {
        "city": "gz",
        "region": "天河",
        "name": "大沙地",
        "x": 113.394142,
        "y": 22.889832
    },
    {
        "city": "gz",
        "region": "天河",
        "name": "东风东",
        "x": 113.296562,
        "y": 23.130619
    },
    {
        "city": "gz",
        "region": "南沙",
        "name": "鱼窝头",
        "x": 113.463638,
        "y": 22.851671
    },
    {
        "city": "gz",
        "region": "天河",
        "name": "长兴",
        "x": 113.36199,
        "y": 23.12463
    },
    {
        "city": "gz",
        "region": "南沙",
        "name": "万顷沙",
        "x": 113.55175,
        "y": 22.706244
    },
    {
        "city": "gz",
        "region": "南沙",
        "name": "南沙港",
        "x": 113.679291,
        "y": 22.628101
    },
    {
        "city": "gz",
        "region": "南沙",
        "name": "南沙湾",
        "x": 113.6129,
        "y": 22.762911
    },
    {
        "city": "gz",
        "region": "天河",
        "name": "车陂",
        "x": 113.386223,
        "y": 23.14823
    },
    {
        "city": "gz",
        "region": "南沙",
        "name": "南沙区府",
        "x": 113.52497,
        "y": 22.80169
    },
    {
        "city": "gz",
        "region": "南沙",
        "name": "榄核镇",
        "x": 113.336548,
        "y": 22.832413
    },
    {
        "city": "gz",
        "region": "南沙",
        "name": "明珠湾",
        "x": 113.518654,
        "y": 22.69644
    },
    {
        "city": "gz",
        "region": "南沙",
        "name": "横沥",
        "x": 113.265228,
        "y": 23.33745
    },
    {
        "city": "gz",
        "region": "南沙",
        "name": "金洲",
        "x": 113.548347,
        "y": 22.799932
    },
    {
        "city": "gz",
        "region": "南沙",
        "name": "进港大道",
        "x": 113.532158,
        "y": 22.801941
    },
    {
        "city": "gz",
        "region": "南沙",
        "name": "大岗镇",
        "x": 113.398773,
        "y": 22.804958
    },
    {
        "city": "gz",
        "region": "南沙",
        "name": "黄阁",
        "x": 113.525299,
        "y": 22.813492
    }
]