[
    {
        "city": "sz",
        "region": "大鹏新区",
        "name": "大鹏半岛",
        "x": 114.490517,
        "y": 22.547642
    },
    {
        "city": "sz",
        "region": "坪山区",
        "name": "坪山",
        "x": 114.34632,
        "y": 22.69084
    },
    {
        "city": "sz",
        "region": "罗湖区",
        "name": "新秀",
        "x": 114.13166,
        "y": 22.54836
    },
    {
        "city": "sz",
        "region": "光明区",
        "name": "公明",
        "x": 113.895042,
        "y": 22.777201
    },
    {
        "city": "sz",
        "region": "罗湖区",
        "name": "银湖",
        "x": 114.13166,
        "y": 22.54836
    },
    {
        "city": "sz",
        "region": "罗湖区",
        "name": "布心",
        "x": 113.894615,
        "y": 22.585875
    },
    {
        "city": "sz",
        "region": "罗湖区",
        "name": "黄木岗",
        "x": 114.079407,
        "y": 22.55599
    },
    {
        "city": "sz",
        "region": "罗湖区",
        "name": "罗湖口岸",
        "x": 114.118546,
        "y": 22.528214
    },
    {
        "city": "sz",
        "region": "罗湖区",
        "name": "笋岗",
        "x": 114.13166,
        "y": 22.54836
    },
    {
        "city": "sz",
        "region": "罗湖区",
        "name": "清水河",
        "x": 114.11026,
        "y": 22.5821
    },
    {
        "city": "sz",
        "region": "罗湖区",
        "name": "万象城",
        "x": 114.110909,
        "y": 22.539459
    },
    {
        "city": "sz",
        "region": "罗湖区",
        "name": "螺岭",
        "x": 114.128204,
        "y": 22.551973
    },
    {
        "city": "sz",
        "region": "罗湖区",
        "name": "莲塘",
        "x": 114.172806,
        "y": 22.562542
    },
    {
        "city": "sz",
        "region": "龙岗区",
        "name": "平湖",
        "x": 114.24779,
        "y": 22.71991
    },
    {
        "city": "sz",
        "region": "龙岗区",
        "name": "龙岗宝荷",
        "x": 114.260597,
        "y": 22.694141
    },
    {
        "city": "sz",
        "region": "龙岗区",
        "name": "龙岗双龙",
        "x": 114.24779,
        "y": 22.71991
    },
    {
        "city": "sz",
        "region": "龙岗区",
        "name": "坪地",
        "x": 114.24779,
        "y": 22.71991
    },
    {
        "city": "sz",
        "region": "福田区",
        "name": "八卦岭",
        "x": 114.099701,
        "y": 22.560659
    },
    {
        "city": "sz",
        "region": "南山区",
        "name": "白石洲",
        "x": 113.968384,
        "y": 22.532881
    },
    {
        "city": "sz",
        "region": "龙岗区",
        "name": "龙岗中心城",
        "x": 114.241051,
        "y": 22.716869
    },
    {
        "city": "sz",
        "region": "龙岗区",
        "name": "横岗",
        "x": 114.161598,
        "y": 22.609661
    },
    {
        "city": "sz",
        "region": "南山区",
        "name": "深圳湾",
        "x": 113.948563,
        "y": 22.486582
    },
    {
        "city": "sz",
        "region": "南山区",
        "name": "西丽",
        "x": 113.952202,
        "y": 22.57621
    },
    {
        "city": "sz",
        "region": "南山区",
        "name": "南头",
        "x": 113.93041,
        "y": 22.53332
    },
    {
        "city": "sz",
        "region": "南山区",
        "name": "前海",
        "x": 113.905128,
        "y": 22.516056
    },
    {
        "city": "sz",
        "region": "南山区",
        "name": "南山中心",
        "x": 113.922867,
        "y": 22.53661
    },
    {
        "city": "sz",
        "region": "南山区",
        "name": "蛇口",
        "x": 113.93041,
        "y": 22.53332
    },
    {
        "city": "sz",
        "region": "福田区",
        "name": "园岭",
        "x": 114.103844,
        "y": 22.555172
    },
    {
        "city": "sz",
        "region": "福田区",
        "name": "竹子林",
        "x": 114.011887,
        "y": 22.536671
    },
    {
        "city": "sz",
        "region": "南山区",
        "name": "红树湾",
        "x": 113.96579,
        "y": 22.529028
    },
    {
        "city": "sz",
        "region": "南山区",
        "name": "华侨城",
        "x": 113.981598,
        "y": 22.537041
    },
    {
        "city": "sz",
        "region": "南山区",
        "name": "后海",
        "x": 113.931221,
        "y": 22.51104
    },
    {
        "city": "sz",
        "region": "南山区",
        "name": "大学城",
        "x": 113.958206,
        "y": 22.588688
    },
    {
        "city": "sz",
        "region": "南山区",
        "name": "科技园",
        "x": 113.946693,
        "y": 22.55641
    },
    {
        "city": "sz",
        "region": "福田区",
        "name": "香蜜湖",
        "x": 114.029846,
        "y": 22.54344
    },
    {
        "city": "sz",
        "region": "福田区",
        "name": "香梅北",
        "x": 114.03022,
        "y": 22.554258
    },
    {
        "city": "sz",
        "region": "福田区",
        "name": "上下沙",
        "x": 114.032677,
        "y": 22.519917
    },
    {
        "city": "sz",
        "region": "福田区",
        "name": "新洲",
        "x": 114.05454,
        "y": 22.52291
    },
    {
        "city": "sz",
        "region": "福田区",
        "name": "上步",
        "x": 114.05454,
        "y": 22.52291
    },
    {
        "city": "sz",
        "region": "福田区",
        "name": "沙尾",
        "x": 114.05454,
        "y": 22.52291
    },
    {
        "city": "sz",
        "region": "福田区",
        "name": "石厦",
        "x": 114.05454,
        "y": 22.52291
    },
    {
        "city": "sz",
        "region": "福田区",
        "name": "莲花",
        "x": 114.05454,
        "y": 22.52291
    },
    {
        "city": "sz",
        "region": "福田区",
        "name": "景田",
        "x": 114.05454,
        "y": 22.52291
    },
    {
        "city": "sz",
        "region": "福田区",
        "name": "皇岗",
        "x": 114.05454,
        "y": 22.52291
    },
    {
        "city": "sz",
        "region": "福田区",
        "name": "梅林",
        "x": 114.047607,
        "y": 22.565969
    },
    {
        "city": "sz",
        "region": "福田区",
        "name": "华强北",
        "x": 114.08815,
        "y": 22.546721
    },
    {
        "city": "sz",
        "region": "福田区",
        "name": "福田中心",
        "x": 114.062828,
        "y": 22.534178
    },
    {
        "city": "sz",
        "region": "福田区",
        "name": "华强南",
        "x": 114.086533,
        "y": 22.540148
    },
    {
        "city": "sz",
        "region": "福田区",
        "name": "福田保税区",
        "x": 114.055733,
        "y": 22.509554
    },
    {
        "city": "sz",
        "region": "福田区",
        "name": "赤尾",
        "x": 114.084572,
        "y": 22.529968
    },
    {
        "city": "sz",
        "region": "龙岗区",
        "name": "布吉南岭",
        "x": 114.140343,
        "y": 22.598358
    },
    {
        "city": "sz",
        "region": "龙岗区",
        "name": "大运新城",
        "x": 114.208923,
        "y": 22.710138
    },
    {
        "city": "sz",
        "region": "福田区",
        "name": "车公庙",
        "x": 114.025833,
        "y": 22.536247
    },
    {
        "city": "sz",
        "region": "龙岗区",
        "name": "丹竹头",
        "x": 114.152832,
        "y": 22.622108
    },
    {
        "city": "sz",
        "region": "光明区",
        "name": "桃源居",
        "x": 113.939674,
        "y": 22.690498
    },
    {
        "city": "sz",
        "region": "福田区",
        "name": "百花",
        "x": 114.094398,
        "y": 22.552187
    },
    {
        "city": "sz",
        "region": "龙岗区",
        "name": "布吉水径",
        "x": 114.110191,
        "y": 22.616152
    },
    {
        "city": "sz",
        "region": "龙华区",
        "name": "梅林关",
        "x": 114.047607,
        "y": 22.565969
    },
    {
        "city": "sz",
        "region": "龙华区",
        "name": "上塘",
        "x": 114.016441,
        "y": 22.631712
    },
    {
        "city": "sz",
        "region": "龙岗区",
        "name": "布吉街",
        "x": 114.24779,
        "y": 22.71991
    },
    {
        "city": "sz",
        "region": "龙华区",
        "name": "民治",
        "x": 114.038948,
        "y": 22.624573
    },
    {
        "city": "sz",
        "region": "龙华区",
        "name": "龙华新区",
        "x": 114.06031,
        "y": 22.72174
    },
    {
        "city": "sz",
        "region": "龙岗区",
        "name": "布吉大芬",
        "x": 114.141479,
        "y": 22.606516
    },
    {
        "city": "sz",
        "region": "龙岗区",
        "name": "布吉石芽岭",
        "x": 114.126709,
        "y": 22.61945
    },
    {
        "city": "sz",
        "region": "宝安区",
        "name": "曦城",
        "x": 113.907959,
        "y": 22.593197
    },
    {
        "city": "sz",
        "region": "宝安区",
        "name": "西乡",
        "x": 113.88308,
        "y": 22.55329
    },
    {
        "city": "sz",
        "region": "龙华区",
        "name": "龙华中心",
        "x": 114.01339,
        "y": 22.64921
    },
    {
        "city": "sz",
        "region": "龙岗区",
        "name": "布吉关",
        "x": 114.24779,
        "y": 22.71991
    },
    {
        "city": "sz",
        "region": "宝安区",
        "name": "新安",
        "x": 113.88308,
        "y": 22.55329
    },
    {
        "city": "sz",
        "region": "龙华区",
        "name": "坂田",
        "x": 114.06031,
        "y": 22.72174
    },
    {
        "city": "sz",
        "region": "龙华区",
        "name": "观澜",
        "x": 114.036331,
        "y": 22.730421
    },
    {
        "city": "sz",
        "region": "龙华区",
        "name": "红山",
        "x": 114.06031,
        "y": 22.72174
    },
    {
        "city": "sz",
        "region": "宝安区",
        "name": "石岩",
        "x": 113.88308,
        "y": 22.55329
    },
    {
        "city": "sz",
        "region": "盐田区",
        "name": "盐田港",
        "x": 114.265984,
        "y": 22.572945
    },
    {
        "city": "sz",
        "region": "宝安区",
        "name": "松岗",
        "x": 113.8452,
        "y": 22.76996
    },
    {
        "city": "sz",
        "region": "宝安区",
        "name": "碧海",
        "x": 113.88308,
        "y": 22.55329
    },
    {
        "city": "sz",
        "region": "盐田区",
        "name": "沙头角",
        "x": 114.242607,
        "y": 22.562592
    },
    {
        "city": "sz",
        "region": "宝安区",
        "name": "福永",
        "x": 113.851784,
        "y": 22.588835
    },
    {
        "city": "sz",
        "region": "宝安区",
        "name": "沙井",
        "x": 113.820297,
        "y": 22.73163
    },
    {
        "city": "sz",
        "region": "宝安区",
        "name": "翻身",
        "x": 113.895027,
        "y": 22.559
    },
    {
        "city": "sz",
        "region": "宝安区",
        "name": "宝安中心",
        "x": 113.873917,
        "y": 22.562164
    },
    {
        "city": "sz",
        "region": "盐田区",
        "name": "梅沙",
        "x": 114.306335,
        "y": 22.596224
    },
    {
        "city": "sz",
        "region": "罗湖区",
        "name": "黄贝岭",
        "x": 114.134338,
        "y": 22.550343
    },
    {
        "city": "sz",
        "region": "罗湖区",
        "name": "洪湖",
        "x": 114.13166,
        "y": 22.54836
    },
    {
        "city": "sz",
        "region": "罗湖区",
        "name": "百仕达",
        "x": 114.1334,
        "y": 22.572409
    },
    {
        "city": "sz",
        "region": "罗湖区",
        "name": "春风路",
        "x": 114.123909,
        "y": 22.53754
    },
    {
        "city": "sz",
        "region": "罗湖区",
        "name": "地王",
        "x": 114.11058,
        "y": 22.54274
    },
    {
        "city": "sz",
        "region": "罗湖区",
        "name": "翠竹",
        "x": 114.13166,
        "y": 22.54836
    },
    {
        "city": "sz",
        "region": "罗湖区",
        "name": "东门",
        "x": 114.13166,
        "y": 22.54836
    }
]